i;rb;coloring
2;3;[{0}, {1}]
3;3;[{0}, {1, 2}]
4;4;[{0}, {2}, {1, 3}]
5;3;[{0}, {1, 2, 3, 4}]
6;4;[{0}, {3}, {1, 2, 4, 5}]
7;4;[{1}, {4}, {0, 2, 3, 5, 6}]
8;4;[{2}, {0, 4, 6}, {1, 3, 5, 7}]
9;4;[{3}, {4, 5}, {0, 1, 2, 6, 7, 8}]
10;4;[{0}, {5}, {1, 2, 3, 4, 6, 7, 8, 9}]
11;4;[{6}, {10, 4, 7}, {0, 1, 2, 3, 5, 8, 9}]
12;5;[{0}, {6}, {9, 3}, {1, 2, 4, 5, 7, 8, 10, 11}]
13;4;[{5}, {6}, {0, 1, 2, 3, 4, 7, 8, 9, 10, 11, 12}]
14;5;[{4}, {8}, {0, 2, 6, 10, 12}, {1, 3, 5, 7, 9, 11, 13}]
15;4;[{10}, {0, 5}, {1, 2, 3, 4, 6, 7, 8, 9, 11, 12, 13, 14}]
16;6;[{0, 4}, {2, 14}, {10, 6}, {8, 12}, {1, 3, 5, 7, 9, 11, 13, 15}]
17;3;[{0}, {1, 2, 3, 4, 5, 6, 7, 8, 9, 10, 11, 12, 13, 14, 15}]
18;5;[{12}, {0, 6}, {9, 3, 15}, {1, 2, 4, 5, 7, 8, 10, 11, 13, 14, 16, 17}]
19;4;[{0}, {8, 11, 12, 7}, {1, 2, 3, 4, 5, 6, 9, 10, 13, 14, 15, 16, 17, 18}]
20;5;[{0}, {10}, {5, 15}, {1, 2, 3, 4, 6, 7, 8, 9, 11, 12, 13, 14, 16, 17, 18, 19}]
21;5;[{0}, {6, 15}, {9, 18, 3, 12}, {1, 2, 4, 5, 7, 8, 10, 11, 13, 14, 16, 17, 19, 20}]
22;5;[{6}, {10, 18, 4}, {0, 2, 8, 12, 14, 16, 20}, {1, 3, 5, 7, 9, 11, 13, 15, 17, 19, 21}]
23;4;[{8}, {9, 4, 14}, {0, 1, 2, 3, 5, 6, 7, 10, 11, 12, 13, 15, 16, 17, 18, 19, 20, 21, 22}]
24;5;[{0, 12}, {18, 6}, {9, 3, 21, 15}, {1, 2, 4, 5, 7, 8, 10, 11, 13, 14, 16, 17, 19, 20, 22, 23}]
25;5;[{0}, {20, 5}, {10, 15}, {1, 2, 3, 4, 6, 7, 8, 9, 11, 12, 13, 14, 16, 17, 18, 19, 21, 22, 23, 24}]
26;5;[{6}, {18}, {0, 2, 4, 8, 10, 12, 14, 16, 20, 22, 24}, {1, 3, 5, 7, 9, 11, 13, 15, 17, 19, 21, 23, 25}]
27;6;[{18}, {0, 9}, {12, 15}, {24, 3, 21, 6}, {1, 2, 4, 5, 7, 8, 10, 11, 13, 14, 16, 17, 19, 20, 22, 23, 25, 26}]
28;6;[{0}, {14}, {8, 20, 6, 22}, {2, 4, 10, 12, 16, 18, 24, 26}, {1, 3, 5, 7, 9, 11, 13, 15, 17, 19, 21, 23, 25, 27}]
29;4;[{0}, {3, 6, 7, 8, 9, 14, 15, 20, 21, 22, 23, 26}, {1, 2, 4, 5, 10, 11, 12, 13, 16, 17, 18, 19, 24, 25, 27, 28}]
30;5;[{0}, {25, 5}, {10, 20, 15}, {1, 2, 3, 4, 6, 7, 8, 9, 11, 12, 13, 14, 16, 17, 18, 19, 21, 22, 23, 24, 26, 27, 28, 29}]
31;4;[{10}, {19}, {0, 1, 2, 3, 4, 5, 6, 7, 8, 9, 11, 12, 13, 14, 15, 16, 17, 18, 20, 21, 22, 23, 24, 25, 26, 27, 28, 29, 30}]
32;6;[{8, 28}, {2, 18, 14, 30}, {10, 26, 6, 22}, {0, 4, 12, 16, 20, 24}, {1, 3, 5, 7, 9, 11, 13, 15, 17, 19, 21, 23, 25, 27, 29, 31}]
33;5;[{6}, {18, 21, 15}, {0, 3, 9, 12, 24, 27, 30}, {1, 2, 4, 5, 7, 8, 10, 11, 13, 14, 16, 17, 19, 20, 22, 23, 25, 26, 28, 29, 31, 32}]
34;4;[{0}, {17}, {1, 2, 3, 4, 5, 6, 7, 8, 9, 10, 11, 12, 13, 14, 15, 16, 18, 19, 20, 21, 22, 23, 24, 25, 26, 27, 28, 29, 30, 31, 32, 33}]
35;5;[{15}, {25}, {0, 5, 10, 20, 30}, {1, 2, 3, 4, 6, 7, 8, 9, 11, 12, 13, 14, 16, 17, 18, 19, 21, 22, 23, 24, 26, 27, 28, 29, 31, 32, 33, 34}]
36;7;[{0}, {18}, {6, 30}, {24, 12}, {33, 3, 9, 15, 21, 27}, {1, 2, 4, 5, 7, 8, 10, 11, 13, 14, 16, 17, 19, 20, 22, 23, 25, 26, 28, 29, 31, 32, 34, 35}]
37;4;[{15}, {20}, {0, 1, 2, 3, 4, 5, 6, 7, 8, 9, 10, 11, 12, 13, 14, 16, 17, 18, 19, 21, 22, 23, 24, 25, 26, 27, 28, 29, 30, 31, 32, 33, 34, 35, 36}]
38;5;[{0}, {19}, {7, 8, 11, 12, 26, 27, 30, 31}, {1, 2, 3, 4, 5, 6, 9, 10, 13, 14, 15, 16, 17, 18, 20, 21, 22, 23, 24, 25, 28, 29, 32, 33, 34, 35, 36, 37}]
39;5;[{6}, {18}, {0, 33, 3, 36, 9, 12, 15, 21, 24, 27, 30}, {1, 2, 4, 5, 7, 8, 10, 11, 13, 14, 16, 17, 19, 20, 22, 23, 25, 26, 28, 29, 31, 32, 34, 35, 37, 38}]
40;5;[{0}, {10, 20, 30}, {25, 35, 5, 15}, {1, 2, 3, 4, 6, 7, 8, 9, 11, 12, 13, 14, 16, 17, 18, 19, 21, 22, 23, 24, 26, 27, 28, 29, 31, 32, 33, 34, 36, 37, 38, 39}]
41;4;[{0}, {32, 1, 3, 38, 40, 9, 14, 27}, {2, 4, 5, 6, 7, 8, 10, 11, 12, 13, 15, 16, 17, 18, 19, 20, 21, 22, 23, 24, 25, 26, 28, 29, 30, 31, 33, 34, 35, 36, 37, 39}]
42;6;[{0}, {35, 7}, {28, 21, 14}, {1, 34, 36, 6, 8, 41, 13, 15, 20, 22, 27, 29}, {2, 3, 4, 5, 9, 10, 11, 12, 16, 17, 18, 19, 23, 24, 25, 26, 30, 31, 32, 33, 37, 38, 39, 40}]
43;4;[{0}, {33, 10, 12, 14, 15, 17, 19, 24, 26, 28, 29, 31}, {1, 2, 3, 4, 5, 6, 7, 8, 9, 11, 13, 16, 18, 20, 21, 22, 23, 25, 27, 30, 32, 34, 35, 36, 37, 38, 39, 40, 41, 42}]
44;6;[{0}, {22}, {32, 10, 12, 34}, {2, 4, 36, 38, 6, 8, 40, 42, 14, 16, 18, 20, 24, 26, 28, 30}, {1, 3, 5, 7, 9, 11, 13, 15, 17, 19, 21, 23, 25, 27, 29, 31, 33, 35, 37, 39, 41, 43}]
45;5;[{15}, {25, 20}, {0, 35, 5, 40, 10, 30}, {1, 2, 3, 4, 6, 7, 8, 9, 11, 12, 13, 14, 16, 17, 18, 19, 21, 22, 23, 24, 26, 27, 28, 29, 31, 32, 33, 34, 36, 37, 38, 39, 41, 42, 43, 44}]
46;5;[{8}, {32, 4, 14}, {0, 2, 6, 10, 12, 16, 18, 20, 22, 24, 26, 28, 30, 34, 36, 38, 40, 42, 44}, {1, 3, 5, 7, 9, 11, 13, 15, 17, 19, 21, 23, 25, 27, 29, 31, 33, 35, 37, 39, 41, 43, 45}]
47;4;[{0}, {3, 6, 9, 10, 11, 12, 13, 15, 19, 20, 23, 24, 27, 28, 32, 34, 35, 36, 37, 38, 41, 44}, {1, 2, 4, 5, 7, 8, 14, 16, 17, 18, 21, 22, 25, 26, 29, 30, 31, 33, 39, 40, 42, 43, 45, 46}]
48;7;[{0, 36}, {42, 6}, {24, 12}, {18, 30}, {33, 3, 39, 9, 45, 15, 21, 27}, {1, 2, 4, 5, 7, 8, 10, 11, 13, 14, 16, 17, 19, 20, 22, 23, 25, 26, 28, 29, 31, 32, 34, 35, 37, 38, 40, 41, 43, 44, 46, 47}]
49;7;[{0}, {42, 7}, {35, 14}, {28, 21}, {1, 34, 36, 6, 8, 41, 43, 13, 15, 48, 20, 22, 27, 29}, {2, 3, 4, 5, 9, 10, 11, 12, 16, 17, 18, 19, 23, 24, 25, 26, 30, 31, 32, 33, 37, 38, 39, 40, 44, 45, 46, 47}]
50;6;[{0}, {40, 10}, {20, 30}, {35, 5, 45, 15, 25}, {1, 2, 3, 4, 6, 7, 8, 9, 11, 12, 13, 14, 16, 17, 18, 19, 21, 22, 23, 24, 26, 27, 28, 29, 31, 32, 33, 34, 36, 37, 38, 39, 41, 42, 43, 44, 46, 47, 48, 49}]
51;4;[{34}, {0, 17}, {1, 2, 3, 4, 5, 6, 7, 8, 9, 10, 11, 12, 13, 14, 15, 16, 18, 19, 20, 21, 22, 23, 24, 25, 26, 27, 28, 29, 30, 31, 32, 33, 35, 36, 37, 38, 39, 40, 41, 42, 43, 44, 45, 46, 47, 48, 49, 50}]
52;6;[{0}, {26}, {34, 38, 8, 40, 12, 44, 14, 18}, {32, 2, 4, 36, 6, 10, 42, 46, 16, 48, 50, 20, 22, 24, 28, 30}, {1, 3, 5, 7, 9, 11, 13, 15, 17, 19, 21, 23, 25, 27, 29, 31, 33, 35, 37, 39, 41, 43, 45, 47, 49, 51}]
53;4;[{0}, {1, 52, 30, 23}, {2, 3, 4, 5, 6, 7, 8, 9, 10, 11, 12, 13, 14, 15, 16, 17, 18, 19, 20, 21, 22, 24, 25, 26, 27, 28, 29, 31, 32, 33, 34, 35, 36, 37, 38, 39, 40, 41, 42, 43, 44, 45, 46, 47, 48, 49, 50, 51}]
54;7;[{18}, {0, 36}, {42, 12}, {24, 48, 6, 30}, {32, 2, 34, 4, 38, 8, 40, 10, 44, 14, 46, 16, 50, 20, 52, 22, 26, 28}, {1, 3, 5, 7, 9, 11, 13, 15, 17, 19, 21, 23, 25, 27, 29, 31, 33, 35, 37, 39, 41, 43, 45, 47, 49, 51, 53}]
55;5;[{50}, {40, 10, 15}, {0, 35, 5, 45, 20, 25, 30}, {1, 2, 3, 4, 6, 7, 8, 9, 11, 12, 13, 14, 16, 17, 18, 19, 21, 22, 23, 24, 26, 27, 28, 29, 31, 32, 33, 34, 36, 37, 38, 39, 41, 42, 43, 44, 46, 47, 48, 49, 51, 52, 53, 54}]
56;6;[{42}, {0, 28, 14}, {49, 35, 21, 7}, {1, 34, 36, 6, 8, 41, 43, 13, 15, 48, 50, 20, 22, 55, 27, 29}, {2, 3, 4, 5, 9, 10, 11, 12, 16, 17, 18, 19, 23, 24, 25, 26, 30, 31, 32, 33, 37, 38, 39, 40, 44, 45, 46, 47, 51, 52, 53, 54}]
57;5;[{19}, {0, 38}, {7, 8, 11, 12, 45, 46, 49, 50, 26, 27, 30, 31}, {1, 2, 3, 4, 5, 6, 9, 10, 13, 14, 15, 16, 17, 18, 20, 21, 22, 23, 24, 25, 28, 29, 32, 33, 34, 35, 36, 37, 39, 40, 41, 42, 43, 44, 47, 48, 51, 52, 53, 54, 55, 56}]
58;5;[{0}, {29}, {3, 6, 7, 8, 9, 14, 15, 20, 21, 22, 23, 26, 32, 35, 36, 37, 38, 43, 44, 49, 50, 51, 52, 55}, {1, 2, 4, 5, 10, 11, 12, 13, 16, 17, 18, 19, 24, 25, 27, 28, 30, 31, 33, 34, 39, 40, 41, 42, 45, 46, 47, 48, 53, 54, 56, 57}]
59;4;[{0}, {1, 58}, {2, 3, 4, 5, 6, 7, 8, 9, 10, 11, 12, 13, 14, 15, 16, 17, 18, 19, 20, 21, 22, 23, 24, 25, 26, 27, 28, 29, 30, 31, 32, 33, 34, 35, 36, 37, 38, 39, 40, 41, 42, 43, 44, 45, 46, 47, 48, 49, 50, 51, 52, 53, 54, 55, 56, 57}]
60;6;[{0}, {30}, {25, 35, 5, 55}, {40, 10, 45, 15, 50, 20}, {1, 2, 3, 4, 6, 7, 8, 9, 11, 12, 13, 14, 16, 17, 18, 19, 21, 22, 23, 24, 26, 27, 28, 29, 31, 32, 33, 34, 36, 37, 38, 39, 41, 42, 43, 44, 46, 47, 48, 49, 51, 52, 53, 54, 56, 57, 58, 59}]
61;4;[{26}, {33}, {0, 1, 2, 3, 4, 5, 6, 7, 8, 9, 10, 11, 12, 13, 14, 15, 16, 17, 18, 19, 20, 21, 22, 23, 24, 25, 27, 28, 29, 30, 31, 32, 34, 35, 36, 37, 38, 39, 40, 41, 42, 43, 44, 45, 46, 47, 48, 49, 50, 51, 52, 53, 54, 55, 56, 57, 58, 59, 60}]
62;5;[{0}, {31}, {38, 7, 41, 10, 44, 13, 14, 45, 48, 17, 18, 49, 52, 21, 55, 24}, {1, 2, 3, 4, 5, 6, 8, 9, 11, 12, 15, 16, 19, 20, 22, 23, 25, 26, 27, 28, 29, 30, 32, 33, 34, 35, 36, 37, 39, 40, 42, 43, 46, 47, 50, 51, 53, 54, 56, 57, 58, 59, 60, 61}]
63;6;[{21}, {49, 14}, {0, 35, 7, 42, 56, 28}, {1, 34, 36, 6, 8, 41, 43, 13, 15, 48, 50, 20, 22, 55, 57, 27, 29, 62}, {2, 3, 4, 5, 9, 10, 11, 12, 16, 17, 18, 19, 23, 24, 25, 26, 30, 31, 32, 33, 37, 38, 39, 40, 44, 45, 46, 47, 51, 52, 53, 54, 58, 59, 60, 61}]
64;6;[{24, 56, 12, 44}, {2, 34, 46, 14, 18, 50, 62, 30}, {58, 38, 6, 10, 42, 22, 54, 26}, {0, 32, 4, 36, 8, 40, 60, 16, 48, 20, 52, 28}, {1, 3, 5, 7, 9, 11, 13, 15, 17, 19, 21, 23, 25, 27, 29, 31, 33, 35, 37, 39, 41, 43, 45, 47, 49, 51, 53, 55, 57, 59, 61, 63}]
65;5;[{0}, {40, 25, 60, 5}, {35, 10, 45, 15, 50, 20, 55, 30}, {1, 2, 3, 4, 6, 7, 8, 9, 11, 12, 13, 14, 16, 17, 18, 19, 21, 22, 23, 24, 26, 27, 28, 29, 31, 32, 33, 34, 36, 37, 38, 39, 41, 42, 43, 44, 46, 47, 48, 49, 51, 52, 53, 54, 56, 57, 58, 59, 61, 62, 63, 64}]
66;6;[{22}, {0, 44}, {33, 11, 55}, {32, 1, 34, 65, 10, 43, 12, 45, 21, 54, 23, 56}, {2, 3, 4, 5, 6, 7, 8, 9, 13, 14, 15, 16, 17, 18, 19, 20, 24, 25, 26, 27, 28, 29, 30, 31, 35, 36, 37, 38, 39, 40, 41, 42, 46, 47, 48, 49, 50, 51, 52, 53, 57, 58, 59, 60, 61, 62, 63, 64}]
67;4;[{0}, {37, 29, 38, 30}, {1, 2, 3, 4, 5, 6, 7, 8, 9, 10, 11, 12, 13, 14, 15, 16, 17, 18, 19, 20, 21, 22, 23, 24, 25, 26, 27, 28, 31, 32, 33, 34, 35, 36, 39, 40, 41, 42, 43, 44, 45, 46, 47, 48, 49, 50, 51, 52, 53, 54, 55, 56, 57, 58, 59, 60, 61, 62, 63, 64, 65, 66}]
68;5;[{0}, {34}, {17, 51}, {1, 2, 3, 4, 5, 6, 7, 8, 9, 10, 11, 12, 13, 14, 15, 16, 18, 19, 20, 21, 22, 23, 24, 25, 26, 27, 28, 29, 30, 31, 32, 33, 35, 36, 37, 38, 39, 40, 41, 42, 43, 44, 45, 46, 47, 48, 49, 50, 52, 53, 54, 55, 56, 57, 58, 59, 60, 61, 62, 63, 64, 65, 66, 67}]
69;5;[{0}, {24, 45}, {3, 6, 9, 12, 15, 18, 21, 27, 30, 33, 36, 39, 42, 48, 51, 54, 57, 60, 63, 66}, {1, 2, 4, 5, 7, 8, 10, 11, 13, 14, 16, 17, 19, 20, 22, 23, 25, 26, 28, 29, 31, 32, 34, 35, 37, 38, 40, 41, 43, 44, 46, 47, 49, 50, 52, 53, 55, 56, 58, 59, 61, 62, 64, 65, 67, 68}]
70;6;[{50}, {60}, {0, 40, 10, 20, 30}, {1, 3, 7, 9, 11, 13, 17, 19, 21, 23, 27, 29, 31, 33, 37, 39, 41, 43, 47, 49, 51, 53, 57, 59, 61, 63, 67, 69}, {2, 4, 5, 6, 8, 12, 14, 15, 16, 18, 22, 24, 25, 26, 28, 32, 34, 35, 36, 38, 42, 44, 45, 46, 48, 52, 54, 55, 56, 58, 62, 64, 65, 66, 68}]
71;4;[{0}, {32, 39, 41, 48, 23, 30}, {1, 2, 3, 4, 5, 6, 7, 8, 9, 10, 11, 12, 13, 14, 15, 16, 17, 18, 19, 20, 21, 22, 24, 25, 26, 27, 28, 29, 31, 33, 34, 35, 36, 37, 38, 40, 42, 43, 44, 45, 46, 47, 49, 50, 51, 52, 53, 54, 55, 56, 57, 58, 59, 60, 61, 62, 63, 64, 65, 66, 67, 68, 69, 70}]
72;7;[{0, 36}, {18, 54}, {42, 66, 6, 30}, {24, 48, 12, 60}, {1, 5, 7, 11, 13, 17, 19, 23, 25, 29, 31, 35, 37, 41, 43, 47, 49, 53, 55, 59, 61, 65, 67, 71}, {2, 3, 4, 8, 9, 10, 14, 15, 16, 20, 21, 22, 26, 27, 28, 32, 33, 34, 38, 39, 40, 44, 45, 46, 50, 51, 52, 56, 57, 58, 62, 63, 64, 68, 69, 70}]
73;4;[{0}, {64, 65, 66, 3, 70, 7, 8, 9, 43, 17, 49, 52, 21, 24, 56, 30}, {1, 2, 4, 5, 6, 10, 11, 12, 13, 14, 15, 16, 18, 19, 20, 22, 23, 25, 26, 27, 28, 29, 31, 32, 33, 34, 35, 36, 37, 38, 39, 40, 41, 42, 44, 45, 46, 47, 48, 50, 51, 53, 54, 55, 57, 58, 59, 60, 61, 62, 63, 67, 68, 69, 71, 72}]
74;5;[{0}, {37}, {64, 66, 8, 10, 11, 45, 14, 47, 48, 51, 23, 26, 27, 60, 29, 63}, {1, 2, 3, 4, 5, 6, 7, 9, 12, 13, 15, 16, 17, 18, 19, 20, 21, 22, 24, 25, 28, 30, 31, 32, 33, 34, 35, 36, 38, 39, 40, 41, 42, 43, 44, 46, 49, 50, 52, 53, 54, 55, 56, 57, 58, 59, 61, 62, 65, 67, 68, 69, 70, 71, 72, 73}]
75;6;[{50}, {20, 5}, {65, 35}, {0, 70, 40, 10, 45, 15, 55, 25, 60, 30}, {1, 2, 3, 4, 6, 7, 8, 9, 11, 12, 13, 14, 16, 17, 18, 19, 21, 22, 23, 24, 26, 27, 28, 29, 31, 32, 33, 34, 36, 37, 38, 39, 41, 42, 43, 44, 46, 47, 48, 49, 51, 52, 53, 54, 56, 57, 58, 59, 61, 62, 63, 64, 66, 67, 68, 69, 71, 72, 73, 74}]
76;6;[{0}, {38}, {57, 19}, {64, 65, 68, 69, 7, 8, 11, 12, 45, 46, 49, 50, 26, 27, 30, 31}, {1, 2, 3, 4, 5, 6, 9, 10, 13, 14, 15, 16, 17, 18, 20, 21, 22, 23, 24, 25, 28, 29, 32, 33, 34, 35, 36, 37, 39, 40, 41, 42, 43, 44, 47, 48, 51, 52, 53, 54, 55, 56, 58, 59, 60, 61, 62, 63, 66, 67, 70, 71, 72, 73, 74, 75}]
77;6;[{0}, {56, 21}, {35, 70, 7, 42, 14, 49, 28, 63}, {1, 6, 8, 13, 15, 20, 22, 27, 29, 34, 36, 41, 43, 48, 50, 55, 57, 62, 64, 69, 71, 76}, {2, 3, 4, 5, 9, 10, 11, 12, 16, 17, 18, 19, 23, 24, 25, 26, 30, 31, 32, 33, 37, 38, 39, 40, 44, 45, 46, 47, 51, 52, 53, 54, 58, 59, 60, 61, 65, 66, 67, 68, 72, 73, 74, 75}]
78;6;[{6}, {18}, {0, 66, 36, 72, 42, 12, 48, 54, 24, 60, 30}, {1, 5, 7, 11, 13, 17, 19, 23, 25, 29, 31, 35, 37, 41, 43, 47, 49, 53, 55, 59, 61, 65, 67, 71, 73, 77}, {2, 3, 4, 8, 9, 10, 14, 15, 16, 20, 21, 22, 26, 27, 28, 32, 33, 34, 38, 39, 40, 44, 45, 46, 50, 51, 52, 56, 57, 58, 62, 63, 64, 68, 69, 70, 74, 75, 76}]
79;4;[{31}, {46}, {0, 1, 2, 3, 4, 5, 6, 7, 8, 9, 10, 11, 12, 13, 14, 15, 16, 17, 18, 19, 20, 21, 22, 23, 24, 25, 26, 27, 28, 29, 30, 32, 33, 34, 35, 36, 37, 38, 39, 40, 41, 42, 43, 44, 45, 47, 48, 49, 50, 51, 52, 53, 54, 55, 56, 57, 58, 59, 60, 61, 62, 63, 64, 65, 66, 67, 68, 69, 70, 71, 72, 73, 74, 75, 76, 77, 78}]
80;7;[{0, 20}, {10, 70}, {50, 30}, {40, 60}, {65, 35, 5, 75, 45, 15, 55, 25}, {1, 2, 3, 4, 6, 7, 8, 9, 11, 12, 13, 14, 16, 17, 18, 19, 21, 22, 23, 24, 26, 27, 28, 29, 31, 32, 33, 34, 36, 37, 38, 39, 41, 42, 43, 44, 46, 47, 48, 49, 51, 52, 53, 54, 56, 57, 58, 59, 61, 62, 63, 64, 66, 67, 68, 69, 71, 72, 73, 74, 76, 77, 78, 79}]
81;6;[{48, 33}, {72, 18, 45}, {0, 36, 9, 54, 27, 63}, {66, 3, 69, 6, 39, 42, 75, 12, 78, 15, 51, 21, 24, 57, 60, 30}, {1, 2, 4, 5, 7, 8, 10, 11, 13, 14, 16, 17, 19, 20, 22, 23, 25, 26, 28, 29, 31, 32, 34, 35, 37, 38, 40, 41, 43, 44, 46, 47, 49, 50, 52, 53, 55, 56, 58, 59, 61, 62, 64, 65, 67, 68, 70, 71, 73, 74, 76, 77, 79, 80}]
82;5;[{0}, {32, 68, 38, 40, 42, 44, 14, 50}, {2, 4, 6, 8, 10, 12, 16, 18, 20, 22, 24, 26, 28, 30, 34, 36, 46, 48, 52, 54, 56, 58, 60, 62, 64, 66, 70, 72, 74, 76, 78, 80}, {1, 3, 5, 7, 9, 11, 13, 15, 17, 19, 21, 23, 25, 27, 29, 31, 33, 35, 37, 39, 41, 43, 45, 47, 49, 51, 53, 55, 57, 59, 61, 63, 65, 67, 69, 71, 73, 75, 77, 79, 81}]
83;4;[{0}, {5, 8, 10, 11, 15, 17, 18, 19, 20, 23, 24, 25, 27, 29, 31, 33, 35, 38, 39, 40, 43, 44, 45, 48, 50, 52, 54, 56, 58, 59, 60, 63, 64, 65, 66, 68, 72, 73, 75, 78}, {1, 2, 3, 4, 6, 7, 9, 12, 13, 14, 16, 21, 22, 26, 28, 30, 32, 34, 36, 37, 41, 42, 46, 47, 49, 51, 53, 55, 57, 61, 62, 67, 69, 70, 71, 74, 76, 77, 79, 80, 81, 82}]
84;7;[{0}, {42}, {21, 63}, {35, 70, 7, 77, 14, 49, 56, 28}, {1, 6, 8, 13, 15, 20, 22, 27, 29, 34, 36, 41, 43, 48, 50, 55, 57, 62, 64, 69, 71, 76, 78, 83}, {2, 3, 4, 5, 9, 10, 11, 12, 16, 17, 18, 19, 23, 24, 25, 26, 30, 31, 32, 33, 37, 38, 39, 40, 44, 45, 46, 47, 51, 52, 53, 54, 58, 59, 60, 61, 65, 66, 67, 68, 72, 73, 74, 75, 79, 80, 81, 82}]
85;4;[{34}, {0, 17, 51, 68}, {1, 2, 3, 4, 5, 6, 7, 8, 9, 10, 11, 12, 13, 14, 15, 16, 18, 19, 20, 21, 22, 23, 24, 25, 26, 27, 28, 29, 30, 31, 32, 33, 35, 36, 37, 38, 39, 40, 41, 42, 43, 44, 45, 46, 47, 48, 49, 50, 52, 53, 54, 55, 56, 57, 58, 59, 60, 61, 62, 63, 64, 65, 66, 67, 69, 70, 71, 72, 73, 74, 75, 76, 77, 78, 79, 80, 81, 82, 83, 84}]
86;5;[{0}, {43}, {10, 12, 14, 15, 17, 19, 24, 26, 28, 29, 31, 33, 53, 55, 57, 58, 60, 62, 67, 69, 71, 72, 74, 76}, {1, 2, 3, 4, 5, 6, 7, 8, 9, 11, 13, 16, 18, 20, 21, 22, 23, 25, 27, 30, 32, 34, 35, 36, 37, 38, 39, 40, 41, 42, 44, 45, 46, 47, 48, 49, 50, 51, 52, 54, 56, 59, 61, 63, 64, 65, 66, 68, 70, 73, 75, 77, 78, 79, 80, 81, 82, 83, 84, 85}]
87;5;[{0}, {58, 29}, {2, 4, 5, 10, 11, 13, 16, 18, 19, 24, 25, 27, 31, 33, 34, 39, 40, 42, 45, 47, 48, 53, 54, 56, 60, 62, 63, 68, 69, 71, 74, 76, 77, 82, 83, 85}, {1, 3, 6, 7, 8, 9, 12, 14, 15, 17, 20, 21, 22, 23, 26, 28, 30, 32, 35, 36, 37, 38, 41, 43, 44, 46, 49, 50, 51, 52, 55, 57, 59, 61, 64, 65, 66, 67, 70, 72, 73, 75, 78, 79, 80, 81, 84, 86}]
88;6;[{0, 22}, {66, 44}, {33, 11, 77, 55}, {32, 1, 34, 67, 65, 10, 43, 12, 45, 76, 78, 21, 54, 23, 56, 87}, {2, 3, 4, 5, 6, 7, 8, 9, 13, 14, 15, 16, 17, 18, 19, 20, 24, 25, 26, 27, 28, 29, 30, 31, 35, 36, 37, 38, 39, 40, 41, 42, 46, 47, 48, 49, 50, 51, 52, 53, 57, 58, 59, 60, 61, 62, 63, 64, 68, 69, 70, 71, 72, 73, 74, 75, 79, 80, 81, 82, 83, 84, 85, 86}]
89;4;[{0}, {1, 34, 37, 12, 77, 52, 55, 88}, {2, 3, 4, 5, 6, 7, 8, 9, 10, 11, 13, 14, 15, 16, 17, 18, 19, 20, 21, 22, 23, 24, 25, 26, 27, 28, 29, 30, 31, 32, 33, 35, 36, 38, 39, 40, 41, 42, 43, 44, 45, 46, 47, 48, 49, 50, 51, 53, 54, 56, 57, 58, 59, 60, 61, 62, 63, 64, 65, 66, 67, 68, 69, 70, 71, 72, 73, 74, 75, 76, 78, 79, 80, 81, 82, 83, 84, 85, 86, 87}]
90;6;[{0}, {60, 30}, {65, 35, 5, 85, 55, 25}, {70, 40, 10, 75, 45, 15, 80, 50, 20}, {1, 2, 3, 4, 6, 7, 8, 9, 11, 12, 13, 14, 16, 17, 18, 19, 21, 22, 23, 24, 26, 27, 28, 29, 31, 32, 33, 34, 36, 37, 38, 39, 41, 42, 43, 44, 46, 47, 48, 49, 51, 52, 53, 54, 56, 57, 58, 59, 61, 62, 63, 64, 66, 67, 68, 69, 71, 72, 73, 74, 76, 77, 78, 79, 81, 82, 83, 84, 86, 87, 88, 89}]
91;6;[{0}, {13, 78}, {65, 26, 52, 39}, {1, 5, 8, 12, 14, 18, 21, 25, 27, 31, 34, 38, 40, 44, 47, 51, 53, 57, 60, 64, 66, 70, 73, 77, 79, 83, 86, 90}, {2, 3, 4, 6, 7, 9, 10, 11, 15, 16, 17, 19, 20, 22, 23, 24, 28, 29, 30, 32, 33, 35, 36, 37, 41, 42, 43, 45, 46, 48, 49, 50, 54, 55, 56, 58, 59, 61, 62, 63, 67, 68, 69, 71, 72, 74, 75, 76, 80, 81, 82, 84, 85, 87, 88, 89}]
92;6;[{0}, {46}, {69, 23}, {1, 68, 70, 45, 47, 22, 24, 91}, {2, 3, 4, 5, 6, 7, 8, 9, 10, 11, 12, 13, 14, 15, 16, 17, 18, 19, 20, 21, 25, 26, 27, 28, 29, 30, 31, 32, 33, 34, 35, 36, 37, 38, 39, 40, 41, 42, 43, 44, 48, 49, 50, 51, 52, 53, 54, 55, 56, 57, 58, 59, 60, 61, 62, 63, 64, 65, 66, 67, 71, 72, 73, 74, 75, 76, 77, 78, 79, 80, 81, 82, 83, 84, 85, 86, 87, 88, 89, 90}]
93;5;[{31}, {0, 62}, {7, 10, 13, 14, 17, 18, 21, 24, 38, 41, 44, 45, 48, 49, 52, 55, 69, 72, 75, 76, 79, 80, 83, 86}, {1, 2, 3, 4, 5, 6, 8, 9, 11, 12, 15, 16, 19, 20, 22, 23, 25, 26, 27, 28, 29, 30, 32, 33, 34, 35, 36, 37, 39, 40, 42, 43, 46, 47, 50, 51, 53, 54, 56, 57, 58, 59, 60, 61, 63, 64, 65, 66, 67, 68, 70, 71, 73, 74, 77, 78, 81, 82, 84, 85, 87, 88, 89, 90, 91, 92}]
94;5;[{0}, {47}, {3, 6, 9, 10, 11, 12, 13, 15, 19, 20, 23, 24, 27, 28, 32, 34, 35, 36, 37, 38, 41, 44, 50, 53, 56, 57, 58, 59, 60, 62, 66, 67, 70, 71, 74, 75, 79, 81, 82, 83, 84, 85, 88, 91}, {1, 2, 4, 5, 7, 8, 14, 16, 17, 18, 21, 22, 25, 26, 29, 30, 31, 33, 39, 40, 42, 43, 45, 46, 48, 49, 51, 52, 54, 55, 61, 63, 64, 65, 68, 69, 72, 73, 76, 77, 78, 80, 86, 87, 89, 90, 92, 93}]
95;5;[{76}, {0, 57, 19, 38}, {7, 8, 11, 12, 26, 27, 30, 31, 45, 46, 49, 50, 64, 65, 68, 69, 83, 84, 87, 88}, {1, 2, 3, 4, 5, 6, 9, 10, 13, 14, 15, 16, 17, 18, 20, 21, 22, 23, 24, 25, 28, 29, 32, 33, 34, 35, 36, 37, 39, 40, 41, 42, 43, 44, 47, 48, 51, 52, 53, 54, 55, 56, 58, 59, 60, 61, 62, 63, 66, 67, 70, 71, 72, 73, 74, 75, 77, 78, 79, 80, 81, 82, 85, 86, 89, 90, 91, 92, 93, 94}]
96;7;[{72, 60}, {42, 90, 54, 6}, {18, 66, 78, 30}, {0, 36, 12, 48, 84, 24}, {33, 3, 69, 39, 9, 75, 45, 15, 81, 51, 21, 87, 57, 27, 93, 63}, {1, 2, 4, 5, 7, 8, 10, 11, 13, 14, 16, 17, 19, 20, 22, 23, 25, 26, 28, 29, 31, 32, 34, 35, 37, 38, 40, 41, 43, 44, 46, 47, 49, 50, 52, 53, 55, 56, 58, 59, 61, 62, 64, 65, 67, 68, 70, 71, 73, 74, 76, 77, 79, 80, 82, 83, 85, 86, 88, 89, 91, 92, 94, 95}]
97;4;[{0}, {1, 8, 12, 18, 19, 20, 22, 27, 28, 30, 33, 34, 42, 45, 46, 47, 50, 51, 52, 55, 63, 64, 67, 69, 70, 75, 77, 78, 79, 85, 89, 96}, {2, 3, 4, 5, 6, 7, 9, 10, 11, 13, 14, 15, 16, 17, 21, 23, 24, 25, 26, 29, 31, 32, 35, 36, 37, 38, 39, 40, 41, 43, 44, 48, 49, 53, 54, 56, 57, 58, 59, 60, 61, 62, 65, 66, 68, 71, 72, 73, 74, 76, 80, 81, 82, 83, 84, 86, 87, 88, 90, 91, 92, 93, 94, 95}]
98;8;[{0}, {84, 14}, {28, 70}, {56, 42}, {64, 34, 36, 6, 8, 76, 78, 48, 50, 20, 22, 90, 92, 62}, {2, 4, 10, 12, 16, 18, 24, 26, 30, 32, 38, 40, 44, 46, 52, 54, 58, 60, 66, 68, 72, 74, 80, 82, 86, 88, 94, 96}, {1, 3, 5, 7, 9, 11, 13, 15, 17, 19, 21, 23, 25, 27, 29, 31, 33, 35, 37, 39, 41, 43, 45, 47, 49, 51, 53, 55, 57, 59, 61, 63, 65, 67, 69, 71, 73, 75, 77, 79, 81, 83, 85, 87, 89, 91, 93, 95, 97}]
99;6;[{0}, {44, 55}, {33, 66, 11, 77, 22, 88}, {32, 1, 34, 67, 65, 98, 10, 43, 12, 45, 76, 78, 21, 54, 23, 56, 89, 87}, {2, 3, 4, 5, 6, 7, 8, 9, 13, 14, 15, 16, 17, 18, 19, 20, 24, 25, 26, 27, 28, 29, 30, 31, 35, 36, 37, 38, 39, 40, 41, 42, 46, 47, 48, 49, 50, 51, 52, 53, 57, 58, 59, 60, 61, 62, 63, 64, 68, 69, 70, 71, 72, 73, 74, 75, 79, 80, 81, 82, 83, 84, 85, 86, 90, 91, 92, 93, 94, 95, 96, 97}]
100;9;[{0}, {50}, {10, 90}, {80, 20}, {70, 30}, {40, 60}, {65, 35, 5, 75, 45, 15, 85, 55, 25, 95}, {1, 2, 3, 4, 6, 7, 8, 9, 11, 12, 13, 14, 16, 17, 18, 19, 21, 22, 23, 24, 26, 27, 28, 29, 31, 32, 33, 34, 36, 37, 38, 39, 41, 42, 43, 44, 46, 47, 48, 49, 51, 52, 53, 54, 56, 57, 58, 59, 61, 62, 63, 64, 66, 67, 68, 69, 71, 72, 73, 74, 76, 77, 78, 79, 81, 82, 83, 84, 86, 87, 88, 89, 91, 92, 93, 94, 96, 97, 98, 99}]
101;4;[{0}, {32, 65, 36, 69, 6, 39, 41, 44, 14, 17, 84, 87, 57, 60, 62, 95}, {1, 2, 3, 4, 5, 7, 8, 9, 10, 11, 12, 13, 15, 16, 18, 19, 20, 21, 22, 23, 24, 25, 26, 27, 28, 29, 30, 31, 33, 34, 35, 37, 38, 40, 42, 43, 45, 46, 47, 48, 49, 50, 51, 52, 53, 54, 55, 56, 58, 59, 61, 63, 64, 66, 67, 68, 70, 71, 72, 73, 74, 75, 76, 77, 78, 79, 80, 81, 82, 83, 85, 86, 88, 89, 90, 91, 92, 93, 94, 96, 97, 98, 99, 100}]
102;5;[{68}, {0, 34}, {17, 51, 85}, {1, 2, 3, 4, 5, 6, 7, 8, 9, 10, 11, 12, 13, 14, 15, 16, 18, 19, 20, 21, 22, 23, 24, 25, 26, 27, 28, 29, 30, 31, 32, 33, 35, 36, 37, 38, 39, 40, 41, 42, 43, 44, 45, 46, 47, 48, 49, 50, 52, 53, 54, 55, 56, 57, 58, 59, 60, 61, 62, 63, 64, 65, 66, 67, 69, 70, 71, 72, 73, 74, 75, 76, 77, 78, 79, 80, 81, 82, 83, 84, 86, 87, 88, 89, 90, 91, 92, 93, 94, 95, 96, 97, 98, 99, 100, 101}]
103;4;[{0}, {56, 57, 46, 47}, {1, 2, 3, 4, 5, 6, 7, 8, 9, 10, 11, 12, 13, 14, 15, 16, 17, 18, 19, 20, 21, 22, 23, 24, 25, 26, 27, 28, 29, 30, 31, 32, 33, 34, 35, 36, 37, 38, 39, 40, 41, 42, 43, 44, 45, 48, 49, 50, 51, 52, 53, 54, 55, 58, 59, 60, 61, 62, 63, 64, 65, 66, 67, 68, 69, 70, 71, 72, 73, 74, 75, 76, 77, 78, 79, 80, 81, 82, 83, 84, 85, 86, 87, 88, 89, 90, 91, 92, 93, 94, 95, 96, 97, 98, 99, 100, 101, 102}]
104;6;[{78}, {0, 26, 52}, {65, 91, 13, 39}, {1, 5, 8, 12, 14, 18, 21, 25, 27, 31, 34, 38, 40, 44, 47, 51, 53, 57, 60, 64, 66, 70, 73, 77, 79, 83, 86, 90, 92, 96, 99, 103}, {2, 3, 4, 6, 7, 9, 10, 11, 15, 16, 17, 19, 20, 22, 23, 24, 28, 29, 30, 32, 33, 35, 36, 37, 41, 42, 43, 45, 46, 48, 49, 50, 54, 55, 56, 58, 59, 61, 62, 63, 67, 68, 69, 71, 72, 74, 75, 76, 80, 81, 82, 84, 85, 87, 88, 89, 93, 94, 95, 97, 98, 100, 101, 102}]
105;6;[{70}, {0, 35}, {15, 50, 20, 85, 55, 90}, {65, 100, 5, 40, 10, 75, 45, 80, 25, 60, 30, 95}, {1, 2, 3, 4, 6, 7, 8, 9, 11, 12, 13, 14, 16, 17, 18, 19, 21, 22, 23, 24, 26, 27, 28, 29, 31, 32, 33, 34, 36, 37, 38, 39, 41, 42, 43, 44, 46, 47, 48, 49, 51, 52, 53, 54, 56, 57, 58, 59, 61, 62, 63, 64, 66, 67, 68, 69, 71, 72, 73, 74, 76, 77, 78, 79, 81, 82, 83, 84, 86, 87, 88, 89, 91, 92, 93, 94, 96, 97, 98, 99, 101, 102, 103, 104}]
106;5;[{0}, {53}, {1, 105, 76, 83, 52, 54, 23, 30}, {2, 3, 4, 5, 6, 7, 8, 9, 10, 11, 12, 13, 14, 15, 16, 17, 18, 19, 20, 21, 22, 24, 25, 26, 27, 28, 29, 31, 32, 33, 34, 35, 36, 37, 38, 39, 40, 41, 42, 43, 44, 45, 46, 47, 48, 49, 50, 51, 55, 56, 57, 58, 59, 60, 61, 62, 63, 64, 65, 66, 67, 68, 69, 70, 71, 72, 73, 74, 75, 77, 78, 79, 80, 81, 82, 84, 85, 86, 87, 88, 89, 90, 91, 92, 93, 94, 95, 96, 97, 98, 99, 100, 101, 102, 103, 104}]
107;4;[{0}, {1, 106}, {2, 3, 4, 5, 6, 7, 8, 9, 10, 11, 12, 13, 14, 15, 16, 17, 18, 19, 20, 21, 22, 23, 24, 25, 26, 27, 28, 29, 30, 31, 32, 33, 34, 35, 36, 37, 38, 39, 40, 41, 42, 43, 44, 45, 46, 47, 48, 49, 50, 51, 52, 53, 54, 55, 56, 57, 58, 59, 60, 61, 62, 63, 64, 65, 66, 67, 68, 69, 70, 71, 72, 73, 74, 75, 76, 77, 78, 79, 80, 81, 82, 83, 84, 85, 86, 87, 88, 89, 90, 91, 92, 93, 94, 95, 96, 97, 98, 99, 100, 101, 102, 103, 104, 105}]
108;7;[{78, 30}, {90, 54}, {0, 18, 72, 36}, {96, 66, 102, 6, 42, 12, 48, 84, 24, 60}, {33, 3, 99, 69, 39, 9, 105, 75, 45, 15, 81, 51, 21, 87, 57, 27, 93, 63}, {1, 2, 4, 5, 7, 8, 10, 11, 13, 14, 16, 17, 19, 20, 22, 23, 25, 26, 28, 29, 31, 32, 34, 35, 37, 38, 40, 41, 43, 44, 46, 47, 49, 50, 52, 53, 55, 56, 58, 59, 61, 62, 64, 65, 67, 68, 70, 71, 73, 74, 76, 77, 79, 80, 82, 83, 85, 86, 88, 89, 91, 92, 94, 95, 97, 98, 100, 101, 103, 104, 106, 107}]
109;4;[{17}, {90}, {0, 1, 2, 3, 4, 5, 6, 7, 8, 9, 10, 11, 12, 13, 14, 15, 16, 18, 19, 20, 21, 22, 23, 24, 25, 26, 27, 28, 29, 30, 31, 32, 33, 34, 35, 36, 37, 38, 39, 40, 41, 42, 43, 44, 45, 46, 47, 48, 49, 50, 51, 52, 53, 54, 55, 56, 57, 58, 59, 60, 61, 62, 63, 64, 65, 66, 67, 68, 69, 70, 71, 72, 73, 74, 75, 76, 77, 78, 79, 80, 81, 82, 83, 84, 85, 86, 87, 88, 89, 91, 92, 93, 94, 95, 96, 97, 98, 99, 100, 101, 102, 103, 104, 105, 106, 107, 108}]
110;6;[{66}, {0, 88, 44, 22}, {33, 99, 11, 77, 55}, {1, 10, 12, 21, 23, 32, 34, 43, 45, 54, 56, 65, 67, 76, 78, 87, 89, 98, 100, 109}, {2, 3, 4, 5, 6, 7, 8, 9, 13, 14, 15, 16, 17, 18, 19, 20, 24, 25, 26, 27, 28, 29, 30, 31, 35, 36, 37, 38, 39, 40, 41, 42, 46, 47, 48, 49, 50, 51, 52, 53, 57, 58, 59, 60, 61, 62, 63, 64, 68, 69, 70, 71, 72, 73, 74, 75, 79, 80, 81, 82, 83, 84, 85, 86, 90, 91, 92, 93, 94, 95, 96, 97, 101, 102, 103, 104, 105, 106, 107, 108}]
111;5;[{0}, {74, 37}, {8, 10, 11, 14, 23, 26, 27, 29, 45, 47, 48, 51, 60, 63, 64, 66, 82, 84, 85, 88, 97, 100, 101, 103}, {1, 2, 3, 4, 5, 6, 7, 9, 12, 13, 15, 16, 17, 18, 19, 20, 21, 22, 24, 25, 28, 30, 31, 32, 33, 34, 35, 36, 38, 39, 40, 41, 42, 43, 44, 46, 49, 50, 52, 53, 54, 55, 56, 57, 58, 59, 61, 62, 65, 67, 68, 69, 70, 71, 72, 73, 75, 76, 77, 78, 79, 80, 81, 83, 86, 87, 89, 90, 91, 92, 93, 94, 95, 96, 98, 99, 102, 104, 105, 106, 107, 108, 109, 110}]
112;8;[{0, 84}, {98, 14}, {56, 28}, {42, 70}, {35, 7, 105, 77, 49, 21, 91, 63}, {1, 6, 8, 13, 15, 20, 22, 27, 29, 34, 36, 41, 43, 48, 50, 55, 57, 62, 64, 69, 71, 76, 78, 83, 85, 90, 92, 97, 99, 104, 106, 111}, {2, 3, 4, 5, 9, 10, 11, 12, 16, 17, 18, 19, 23, 24, 25, 26, 30, 31, 32, 33, 37, 38, 39, 40, 44, 45, 46, 47, 51, 52, 53, 54, 58, 59, 60, 61, 65, 66, 67, 68, 72, 73, 74, 75, 79, 80, 81, 82, 86, 87, 88, 89, 93, 94, 95, 96, 100, 101, 102, 103, 107, 108, 109, 110}]
113;4;[{0}, {3, 7, 8, 9, 10, 11, 12, 13, 19, 20, 21, 22, 24, 28, 31, 32, 37, 39, 45, 46, 49, 52, 54, 56, 57, 59, 61, 64, 67, 68, 74, 76, 81, 82, 85, 89, 91, 92, 93, 94, 100, 101, 102, 103, 104, 105, 106, 110}, {1, 2, 4, 5, 6, 14, 15, 16, 17, 18, 23, 25, 26, 27, 29, 30, 33, 34, 35, 36, 38, 40, 41, 42, 43, 44, 47, 48, 50, 51, 53, 55, 58, 60, 62, 63, 65, 66, 69, 70, 71, 72, 73, 75, 77, 78, 79, 80, 83, 84, 86, 87, 88, 90, 95, 96, 97, 98, 99, 107, 108, 109, 111, 112}]
114;6;[{0}, {12, 30, 102, 84}, {96, 66, 36, 6, 72, 42, 108, 78, 48, 18, 54, 24, 90, 60}, {2, 4, 8, 10, 14, 16, 20, 22, 26, 28, 32, 34, 38, 40, 44, 46, 50, 52, 56, 58, 62, 64, 68, 70, 74, 76, 80, 82, 86, 88, 92, 94, 98, 100, 104, 106, 110, 112}, {1, 3, 5, 7, 9, 11, 13, 15, 17, 19, 21, 23, 25, 27, 29, 31, 33, 35, 37, 39, 41, 43, 45, 47, 49, 51, 53, 55, 57, 59, 61, 63, 65, 67, 69, 71, 73, 75, 77, 79, 81, 83, 85, 87, 89, 91, 93, 95, 97, 99, 101, 103, 105, 107, 109, 111, 113}]
115;5;[{92, 46}, {0, 69, 23}, {1, 68, 70, 45, 47, 114, 22, 24, 91, 93}, {2, 3, 4, 5, 6, 7, 8, 9, 10, 11, 12, 13, 14, 15, 16, 17, 18, 19, 20, 21, 25, 26, 27, 28, 29, 30, 31, 32, 33, 34, 35, 36, 37, 38, 39, 40, 41, 42, 43, 44, 48, 49, 50, 51, 52, 53, 54, 55, 56, 57, 58, 59, 60, 61, 62, 63, 64, 65, 66, 67, 71, 72, 73, 74, 75, 76, 77, 78, 79, 80, 81, 82, 83, 84, 85, 86, 87, 88, 89, 90, 94, 95, 96, 97, 98, 99, 100, 101, 102, 103, 104, 105, 106, 107, 108, 109, 110, 111, 112, 113}]
116;6;[{0}, {58}, {70, 104, 12, 46, 86, 88, 28, 30}, {2, 4, 6, 8, 10, 14, 16, 18, 20, 22, 24, 26, 32, 34, 36, 38, 40, 42, 44, 48, 50, 52, 54, 56, 60, 62, 64, 66, 68, 72, 74, 76, 78, 80, 82, 84, 90, 92, 94, 96, 98, 100, 102, 106, 108, 110, 112, 114}, {1, 3, 5, 7, 9, 11, 13, 15, 17, 19, 21, 23, 25, 27, 29, 31, 33, 35, 37, 39, 41, 43, 45, 47, 49, 51, 53, 55, 57, 59, 61, 63, 65, 67, 69, 71, 73, 75, 77, 79, 81, 83, 85, 87, 89, 91, 93, 95, 97, 99, 101, 103, 105, 107, 109, 111, 113, 115}]
117;6;[{0}, {26, 91}, {65, 39, 104, 13, 78, 52}, {1, 5, 8, 12, 14, 18, 21, 25, 27, 31, 34, 38, 40, 44, 47, 51, 53, 57, 60, 64, 66, 70, 73, 77, 79, 83, 86, 90, 92, 96, 99, 103, 105, 109, 112, 116}, {2, 3, 4, 6, 7, 9, 10, 11, 15, 16, 17, 19, 20, 22, 23, 24, 28, 29, 30, 32, 33, 35, 36, 37, 41, 42, 43, 45, 46, 48, 49, 50, 54, 55, 56, 58, 59, 61, 62, 63, 67, 68, 69, 71, 72, 74, 75, 76, 80, 81, 82, 84, 85, 87, 88, 89, 93, 94, 95, 97, 98, 100, 101, 102, 106, 107, 108, 110, 111, 113, 114, 115}]
118;5;[{0}, {59}, {1, 58, 60, 117}, {2, 3, 4, 5, 6, 7, 8, 9, 10, 11, 12, 13, 14, 15, 16, 17, 18, 19, 20, 21, 22, 23, 24, 25, 26, 27, 28, 29, 30, 31, 32, 33, 34, 35, 36, 37, 38, 39, 40, 41, 42, 43, 44, 45, 46, 47, 48, 49, 50, 51, 52, 53, 54, 55, 56, 57, 61, 62, 63, 64, 65, 66, 67, 68, 69, 70, 71, 72, 73, 74, 75, 76, 77, 78, 79, 80, 81, 82, 83, 84, 85, 86, 87, 88, 89, 90, 91, 92, 93, 94, 95, 96, 97, 98, 99, 100, 101, 102, 103, 104, 105, 106, 107, 108, 109, 110, 111, 112, 113, 114, 115, 116}]
119;5;[{0}, {34, 85}, {17, 51, 68, 102}, {1, 2, 3, 4, 5, 6, 7, 8, 9, 10, 11, 12, 13, 14, 15, 16, 18, 19, 20, 21, 22, 23, 24, 25, 26, 27, 28, 29, 30, 31, 32, 33, 35, 36, 37, 38, 39, 40, 41, 42, 43, 44, 45, 46, 47, 48, 49, 50, 52, 53, 54, 55, 56, 57, 58, 59, 60, 61, 62, 63, 64, 65, 66, 67, 69, 70, 71, 72, 73, 74, 75, 76, 77, 78, 79, 80, 81, 82, 83, 84, 86, 87, 88, 89, 90, 91, 92, 93, 94, 95, 96, 97, 98, 99, 100, 101, 103, 104, 105, 106, 107, 108, 109, 110, 111, 112, 113, 114, 115, 116, 117, 118}]
120;6;[{30}, {0, 90, 60}, {105, 75, 45, 15}, {3, 5, 6, 9, 10, 12, 18, 20, 21, 24, 25, 27, 33, 35, 36, 39, 40, 42, 48, 50, 51, 54, 55, 57, 63, 65, 66, 69, 70, 72, 78, 80, 81, 84, 85, 87, 93, 95, 96, 99, 100, 102, 108, 110, 111, 114, 115, 117}, {1, 2, 4, 7, 8, 11, 13, 14, 16, 17, 19, 22, 23, 26, 28, 29, 31, 32, 34, 37, 38, 41, 43, 44, 46, 47, 49, 52, 53, 56, 58, 59, 61, 62, 64, 67, 68, 71, 73, 74, 76, 77, 79, 82, 83, 86, 88, 89, 91, 92, 94, 97, 98, 101, 103, 104, 106, 107, 109, 112, 113, 116, 118, 119}]
121;9;[{0}, {11, 110}, {99, 22}, {88, 33}, {44, 77}, {66, 55}, {1, 10, 12, 21, 23, 32, 34, 43, 45, 54, 56, 65, 67, 76, 78, 87, 89, 98, 100, 109, 111, 120}, {2, 3, 4, 5, 6, 7, 8, 9, 13, 14, 15, 16, 17, 18, 19, 20, 24, 25, 26, 27, 28, 29, 30, 31, 35, 36, 37, 38, 39, 40, 41, 42, 46, 47, 48, 49, 50, 51, 52, 53, 57, 58, 59, 60, 61, 62, 63, 64, 68, 69, 70, 71, 72, 73, 74, 75, 79, 80, 81, 82, 83, 84, 85, 86, 90, 91, 92, 93, 94, 95, 96, 97, 101, 102, 103, 104, 105, 106, 107, 108, 112, 113, 114, 115, 116, 117, 118, 119}]
122;5;[{26}, {94}, {0, 2, 4, 6, 8, 10, 12, 14, 16, 18, 20, 22, 24, 28, 30, 32, 34, 36, 38, 40, 42, 44, 46, 48, 50, 52, 54, 56, 58, 60, 62, 64, 66, 68, 70, 72, 74, 76, 78, 80, 82, 84, 86, 88, 90, 92, 96, 98, 100, 102, 104, 106, 108, 110, 112, 114, 116, 118, 120}, {1, 3, 5, 7, 9, 11, 13, 15, 17, 19, 21, 23, 25, 27, 29, 31, 33, 35, 37, 39, 41, 43, 45, 47, 49, 51, 53, 55, 57, 59, 61, 63, 65, 67, 69, 71, 73, 75, 77, 79, 81, 83, 85, 87, 89, 91, 93, 95, 97, 99, 101, 103, 105, 107, 109, 111, 113, 115, 117, 119, 121}]
123;5;[{41}, {0, 82}, {1, 3, 9, 14, 27, 32, 38, 40, 42, 44, 50, 55, 68, 73, 79, 81, 83, 85, 91, 96, 109, 114, 120, 122}, {2, 4, 5, 6, 7, 8, 10, 11, 12, 13, 15, 16, 17, 18, 19, 20, 21, 22, 23, 24, 25, 26, 28, 29, 30, 31, 33, 34, 35, 36, 37, 39, 43, 45, 46, 47, 48, 49, 51, 52, 53, 54, 56, 57, 58, 59, 60, 61, 62, 63, 64, 65, 66, 67, 69, 70, 71, 72, 74, 75, 76, 77, 78, 80, 84, 86, 87, 88, 89, 90, 92, 93, 94, 95, 97, 98, 99, 100, 101, 102, 103, 104, 105, 106, 107, 108, 110, 111, 112, 113, 115, 116, 117, 118, 119, 121}]
124;6;[{0}, {62}, {100, 38, 72, 10, 106, 44, 76, 14, 110, 48, 80, 18, 114, 52, 86, 24}, {2, 4, 6, 8, 12, 16, 20, 22, 26, 28, 30, 32, 34, 36, 40, 42, 46, 50, 54, 56, 58, 60, 64, 66, 68, 70, 74, 78, 82, 84, 88, 90, 92, 94, 96, 98, 102, 104, 108, 112, 116, 118, 120, 122}, {1, 3, 5, 7, 9, 11, 13, 15, 17, 19, 21, 23, 25, 27, 29, 31, 33, 35, 37, 39, 41, 43, 45, 47, 49, 51, 53, 55, 57, 59, 61, 63, 65, 67, 69, 71, 73, 75, 77, 79, 81, 83, 85, 87, 89, 91, 93, 95, 97, 99, 101, 103, 105, 107, 109, 111, 113, 115, 117, 119, 121, 123}]
125;5;[{25, 75}, {65, 40, 10, 110, 15, 115, 85, 60}, {0, 35, 100, 5, 70, 105, 45, 80, 50, 20, 55, 120, 90, 30, 95}, {1, 2, 3, 4, 6, 7, 8, 9, 11, 12, 13, 14, 16, 17, 18, 19, 21, 22, 23, 24, 26, 27, 28, 29, 31, 32, 33, 34, 36, 37, 38, 39, 41, 42, 43, 44, 46, 47, 48, 49, 51, 52, 53, 54, 56, 57, 58, 59, 61, 62, 63, 64, 66, 67, 68, 69, 71, 72, 73, 74, 76, 77, 78, 79, 81, 82, 83, 84, 86, 87, 88, 89, 91, 92, 93, 94, 96, 97, 98, 99, 101, 102, 103, 104, 106, 107, 108, 109, 111, 112, 113, 114, 116, 117, 118, 119, 121, 122, 123, 124}]
126;7;[{42}, {0, 56, 84, 70}, {112, 98, 28, 14}, {35, 7, 105, 77, 49, 21, 119, 91, 63}, {1, 6, 8, 13, 15, 20, 22, 27, 29, 34, 36, 41, 43, 48, 50, 55, 57, 62, 64, 69, 71, 76, 78, 83, 85, 90, 92, 97, 99, 104, 106, 111, 113, 118, 120, 125}, {2, 3, 4, 5, 9, 10, 11, 12, 16, 17, 18, 19, 23, 24, 25, 26, 30, 31, 32, 33, 37, 38, 39, 40, 44, 45, 46, 47, 51, 52, 53, 54, 58, 59, 60, 61, 65, 66, 67, 68, 72, 73, 74, 75, 79, 80, 81, 82, 86, 87, 88, 89, 93, 94, 95, 96, 100, 101, 102, 103, 107, 108, 109, 110, 114, 115, 116, 117, 121, 122, 123, 124}]
127;4;[{38}, {87}, {0, 1, 2, 3, 4, 5, 6, 7, 8, 9, 10, 11, 12, 13, 14, 15, 16, 17, 18, 19, 20, 21, 22, 23, 24, 25, 26, 27, 28, 29, 30, 31, 32, 33, 34, 35, 36, 37, 39, 40, 41, 42, 43, 44, 45, 46, 47, 48, 49, 50, 51, 52, 53, 54, 55, 56, 57, 58, 59, 60, 61, 62, 63, 64, 65, 66, 67, 68, 69, 70, 71, 72, 73, 74, 75, 76, 77, 78, 79, 80, 81, 82, 83, 84, 85, 86, 88, 89, 90, 91, 92, 93, 94, 95, 96, 97, 98, 99, 100, 101, 102, 103, 104, 105, 106, 107, 108, 109, 110, 111, 112, 113, 114, 115, 116, 117, 118, 119, 120, 121, 122, 123, 124, 125, 126}]
128;7;[{4, 12}, {108, 36}, {100, 44}, {68, 76}, {0, 2, 6, 8, 10, 14, 16, 18, 20, 22, 24, 26, 28, 30, 32, 34, 38, 40, 42, 46, 48, 50, 52, 54, 56, 58, 60, 62, 64, 66, 70, 72, 74, 78, 80, 82, 84, 86, 88, 90, 92, 94, 96, 98, 102, 104, 106, 110, 112, 114, 116, 118, 120, 122, 124, 126}, {1, 3, 5, 7, 9, 11, 13, 15, 17, 19, 21, 23, 25, 27, 29, 31, 33, 35, 37, 39, 41, 43, 45, 47, 49, 51, 53, 55, 57, 59, 61, 63, 65, 67, 69, 71, 73, 75, 77, 79, 81, 83, 85, 87, 89, 91, 93, 95, 97, 99, 101, 103, 105, 107, 109, 111, 113, 115, 117, 119, 121, 123, 125, 127}]
129;5;[{0}, {43, 86}, {10, 12, 14, 15, 17, 19, 24, 26, 28, 29, 31, 33, 53, 55, 57, 58, 60, 62, 67, 69, 71, 72, 74, 76, 96, 98, 100, 101, 103, 105, 110, 112, 114, 115, 117, 119}, {1, 2, 3, 4, 5, 6, 7, 8, 9, 11, 13, 16, 18, 20, 21, 22, 23, 25, 27, 30, 32, 34, 35, 36, 37, 38, 39, 40, 41, 42, 44, 45, 46, 47, 48, 49, 50, 51, 52, 54, 56, 59, 61, 63, 64, 65, 66, 68, 70, 73, 75, 77, 78, 79, 80, 81, 82, 83, 84, 85, 87, 88, 89, 90, 91, 92, 93, 94, 95, 97, 99, 102, 104, 106, 107, 108, 109, 111, 113, 116, 118, 120, 121, 122, 123, 124, 125, 126, 127, 128}]
130;6;[{26}, {0, 52, 104, 78}, {8, 12, 14, 18, 34, 38, 40, 44, 60, 64, 66, 70, 86, 90, 92, 96, 112, 116, 118, 122}, {128, 2, 4, 6, 10, 16, 20, 22, 24, 28, 30, 32, 36, 42, 46, 48, 50, 54, 56, 58, 62, 68, 72, 74, 76, 80, 82, 84, 88, 94, 98, 100, 102, 106, 108, 110, 114, 120, 124, 126}, {1, 129, 3, 5, 7, 9, 11, 13, 15, 17, 19, 21, 23, 25, 27, 29, 31, 33, 35, 37, 39, 41, 43, 45, 47, 49, 51, 53, 55, 57, 59, 61, 63, 65, 67, 69, 71, 73, 75, 77, 79, 81, 83, 85, 87, 89, 91, 93, 95, 97, 99, 101, 103, 105, 107, 109, 111, 113, 115, 117, 119, 121, 123, 125, 127}]
131;4;[{0}, {70, 73, 42, 78, 53, 89, 58, 61}, {1, 2, 3, 4, 5, 6, 7, 8, 9, 10, 11, 12, 13, 14, 15, 16, 17, 18, 19, 20, 21, 22, 23, 24, 25, 26, 27, 28, 29, 30, 31, 32, 33, 34, 35, 36, 37, 38, 39, 40, 41, 43, 44, 45, 46, 47, 48, 49, 50, 51, 52, 54, 55, 56, 57, 59, 60, 62, 63, 64, 65, 66, 67, 68, 69, 71, 72, 74, 75, 76, 77, 79, 80, 81, 82, 83, 84, 85, 86, 87, 88, 90, 91, 92, 93, 94, 95, 96, 97, 98, 99, 100, 101, 102, 103, 104, 105, 106, 107, 108, 109, 110, 111, 112, 113, 114, 115, 116, 117, 118, 119, 120, 121, 122, 123, 124, 125, 126, 127, 128, 129, 130}]
132;7;[{44}, {110}, {0, 66, 88, 22}, {33, 99, 11, 77, 55, 121}, {1, 131, 10, 12, 21, 23, 32, 34, 43, 45, 54, 56, 65, 67, 76, 78, 87, 89, 98, 100, 109, 111, 120, 122}, {2, 3, 4, 5, 6, 7, 8, 9, 13, 14, 15, 16, 17, 18, 19, 20, 24, 25, 26, 27, 28, 29, 30, 31, 35, 36, 37, 38, 39, 40, 41, 42, 46, 47, 48, 49, 50, 51, 52, 53, 57, 58, 59, 60, 61, 62, 63, 64, 68, 69, 70, 71, 72, 73, 74, 75, 79, 80, 81, 82, 83, 84, 85, 86, 90, 91, 92, 93, 94, 95, 96, 97, 101, 102, 103, 104, 105, 106, 107, 108, 112, 113, 114, 115, 116, 117, 118, 119, 123, 124, 125, 126, 127, 128, 129, 130}]
133;6;[{0}, {7, 77, 49, 84, 56, 126}, {98, 35, 70, 105, 42, 14, 112, 21, 119, 91, 28, 63}, {1, 132, 6, 8, 13, 15, 20, 22, 27, 29, 34, 36, 41, 43, 48, 50, 55, 57, 62, 64, 69, 71, 76, 78, 83, 85, 90, 92, 97, 99, 104, 106, 111, 113, 118, 120, 125, 127}, {128, 129, 2, 3, 4, 5, 130, 131, 9, 10, 11, 12, 16, 17, 18, 19, 23, 24, 25, 26, 30, 31, 32, 33, 37, 38, 39, 40, 44, 45, 46, 47, 51, 52, 53, 54, 58, 59, 60, 61, 65, 66, 67, 68, 72, 73, 74, 75, 79, 80, 81, 82, 86, 87, 88, 89, 93, 94, 95, 96, 100, 101, 102, 103, 107, 108, 109, 110, 114, 115, 116, 117, 121, 122, 123, 124}]
134;5;[{0}, {67}, {96, 97, 37, 38, 104, 105, 29, 30}, {1, 2, 3, 4, 5, 6, 7, 8, 9, 10, 11, 12, 13, 14, 15, 16, 17, 18, 19, 20, 21, 22, 23, 24, 25, 26, 27, 28, 31, 32, 33, 34, 35, 36, 39, 40, 41, 42, 43, 44, 45, 46, 47, 48, 49, 50, 51, 52, 53, 54, 55, 56, 57, 58, 59, 60, 61, 62, 63, 64, 65, 66, 68, 69, 70, 71, 72, 73, 74, 75, 76, 77, 78, 79, 80, 81, 82, 83, 84, 85, 86, 87, 88, 89, 90, 91, 92, 93, 94, 95, 98, 99, 100, 101, 102, 103, 106, 107, 108, 109, 110, 111, 112, 113, 114, 115, 116, 117, 118, 119, 120, 121, 122, 123, 124, 125, 126, 127, 128, 129, 130, 131, 132, 133}]
135;7;[{45}, {0, 90}, {75, 60}, {120, 105, 30, 15}, {65, 130, 35, 100, 5, 70, 40, 10, 110, 80, 50, 115, 20, 85, 55, 25, 125, 95}, {1, 2, 3, 4, 6, 7, 8, 9, 11, 12, 13, 14, 16, 17, 18, 19, 21, 22, 23, 24, 26, 27, 28, 29, 31, 32, 33, 34, 36, 37, 38, 39, 41, 42, 43, 44, 46, 47, 48, 49, 51, 52, 53, 54, 56, 57, 58, 59, 61, 62, 63, 64, 66, 67, 68, 69, 71, 72, 73, 74, 76, 77, 78, 79, 81, 82, 83, 84, 86, 87, 88, 89, 91, 92, 93, 94, 96, 97, 98, 99, 101, 102, 103, 104, 106, 107, 108, 109, 111, 112, 113, 114, 116, 117, 118, 119, 121, 122, 123, 124, 126, 127, 128, 129, 131, 132, 133, 134}]
136;5;[{0}, {34, 68, 102}, {17, 51, 85, 119}, {1, 2, 3, 4, 5, 6, 7, 8, 9, 10, 11, 12, 13, 14, 15, 16, 18, 19, 20, 21, 22, 23, 24, 25, 26, 27, 28, 29, 30, 31, 32, 33, 35, 36, 37, 38, 39, 40, 41, 42, 43, 44, 45, 46, 47, 48, 49, 50, 52, 53, 54, 55, 56, 57, 58, 59, 60, 61, 62, 63, 64, 65, 66, 67, 69, 70, 71, 72, 73, 74, 75, 76, 77, 78, 79, 80, 81, 82, 83, 84, 86, 87, 88, 89, 90, 91, 92, 93, 94, 95, 96, 97, 98, 99, 100, 101, 103, 104, 105, 106, 107, 108, 109, 110, 111, 112, 113, 114, 115, 116, 117, 118, 120, 121, 122, 123, 124, 125, 126, 127, 128, 129, 130, 131, 132, 133, 134, 135}]
137;4;[{0}, {128, 129, 130, 3, 134, 7, 8, 9, 12, 13, 14, 15, 17, 21, 22, 26, 30, 32, 33, 35, 39, 42, 45, 46, 47, 49, 54, 56, 57, 58, 59, 61, 62, 64, 65, 67, 70, 72, 73, 75, 76, 78, 79, 80, 81, 83, 88, 90, 91, 92, 95, 98, 102, 104, 105, 107, 111, 115, 116, 120, 122, 123, 124, 125}, {1, 2, 131, 4, 5, 6, 132, 133, 135, 10, 11, 136, 16, 18, 19, 20, 23, 24, 25, 27, 28, 29, 31, 34, 36, 37, 38, 40, 41, 43, 44, 48, 50, 51, 52, 53, 55, 60, 63, 66, 68, 69, 71, 74, 77, 82, 84, 85, 86, 87, 89, 93, 94, 96, 97, 99, 100, 101, 103, 106, 108, 109, 110, 112, 113, 114, 117, 118, 119, 121, 126, 127}]
138;6;[{0}, {69}, {24, 114, 93, 45}, {129, 3, 132, 6, 135, 9, 12, 15, 18, 21, 27, 30, 33, 36, 39, 42, 48, 51, 54, 57, 60, 63, 66, 72, 75, 78, 81, 84, 87, 90, 96, 99, 102, 105, 108, 111, 117, 120, 123, 126}, {1, 2, 4, 5, 7, 8, 10, 11, 13, 14, 16, 17, 19, 20, 22, 23, 25, 26, 28, 29, 31, 32, 34, 35, 37, 38, 40, 41, 43, 44, 46, 47, 49, 50, 52, 53, 55, 56, 58, 59, 61, 62, 64, 65, 67, 68, 70, 71, 73, 74, 76, 77, 79, 80, 82, 83, 85, 86, 88, 89, 91, 92, 94, 95, 97, 98, 100, 101, 103, 104, 106, 107, 109, 110, 112, 113, 115, 116, 118, 119, 121, 122, 124, 125, 127, 128, 130, 131, 133, 134, 136, 137}]
139;4;[{0}, {96, 97, 42, 43}, {1, 2, 3, 4, 5, 6, 7, 8, 9, 10, 11, 12, 13, 14, 15, 16, 17, 18, 19, 20, 21, 22, 23, 24, 25, 26, 27, 28, 29, 30, 31, 32, 33, 34, 35, 36, 37, 38, 39, 40, 41, 44, 45, 46, 47, 48, 49, 50, 51, 52, 53, 54, 55, 56, 57, 58, 59, 60, 61, 62, 63, 64, 65, 66, 67, 68, 69, 70, 71, 72, 73, 74, 75, 76, 77, 78, 79, 80, 81, 82, 83, 84, 85, 86, 87, 88, 89, 90, 91, 92, 93, 94, 95, 98, 99, 100, 101, 102, 103, 104, 105, 106, 107, 108, 109, 110, 111, 112, 113, 114, 115, 116, 117, 118, 119, 120, 121, 122, 123, 124, 125, 126, 127, 128, 129, 130, 131, 132, 133, 134, 135, 136, 137, 138}]
140;7;[{42}, {112}, {0, 98, 70, 14, 84, 56, 28, 126}, {132, 134, 6, 8, 20, 22, 34, 36, 48, 50, 62, 64, 76, 78, 90, 92, 104, 106, 118, 120}, {128, 2, 130, 4, 136, 10, 138, 12, 16, 18, 24, 26, 30, 32, 38, 40, 44, 46, 52, 54, 58, 60, 66, 68, 72, 74, 80, 82, 86, 88, 94, 96, 100, 102, 108, 110, 114, 116, 122, 124}, {1, 129, 3, 131, 5, 133, 7, 135, 9, 137, 11, 139, 13, 15, 17, 19, 21, 23, 25, 27, 29, 31, 33, 35, 37, 39, 41, 43, 45, 47, 49, 51, 53, 55, 57, 59, 61, 63, 65, 67, 69, 71, 73, 75, 77, 79, 81, 83, 85, 87, 89, 91, 93, 95, 97, 99, 101, 103, 105, 107, 109, 111, 113, 115, 117, 119, 121, 123, 125, 127}]
141;5;[{47}, {0, 94}, {128, 129, 130, 3, 131, 132, 6, 135, 9, 10, 11, 12, 13, 138, 15, 19, 20, 23, 24, 27, 28, 32, 34, 35, 36, 37, 38, 41, 44, 50, 53, 56, 57, 58, 59, 60, 62, 66, 67, 70, 71, 74, 75, 79, 81, 82, 83, 84, 85, 88, 91, 97, 100, 103, 104, 105, 106, 107, 109, 113, 114, 117, 118, 121, 122, 126}, {1, 2, 4, 5, 133, 7, 8, 134, 136, 137, 139, 140, 14, 16, 17, 18, 21, 22, 25, 26, 29, 30, 31, 33, 39, 40, 42, 43, 45, 46, 48, 49, 51, 52, 54, 55, 61, 63, 64, 65, 68, 69, 72, 73, 76, 77, 78, 80, 86, 87, 89, 90, 92, 93, 95, 96, 98, 99, 101, 102, 108, 110, 111, 112, 115, 116, 119, 120, 123, 124, 125, 127}]
142;5;[{0}, {71}, {32, 101, 39, 103, 41, 110, 48, 112, 119, 23, 94, 30}, {1, 2, 3, 4, 5, 6, 7, 8, 9, 10, 11, 12, 13, 14, 15, 16, 17, 18, 19, 20, 21, 22, 24, 25, 26, 27, 28, 29, 31, 33, 34, 35, 36, 37, 38, 40, 42, 43, 44, 45, 46, 47, 49, 50, 51, 52, 53, 54, 55, 56, 57, 58, 59, 60, 61, 62, 63, 64, 65, 66, 67, 68, 69, 70, 72, 73, 74, 75, 76, 77, 78, 79, 80, 81, 82, 83, 84, 85, 86, 87, 88, 89, 90, 91, 92, 93, 95, 96, 97, 98, 99, 100, 102, 104, 105, 106, 107, 108, 109, 111, 113, 114, 115, 116, 117, 118, 120, 121, 122, 123, 124, 125, 126, 127, 128, 129, 130, 131, 132, 133, 134, 135, 136, 137, 138, 139, 140, 141}]
143;6;[{0}, {65, 78}, {130, 39, 104, 13, 52, 117, 26, 91}, {1, 129, 131, 5, 135, 8, 138, 12, 14, 142, 18, 21, 25, 27, 31, 34, 38, 40, 44, 47, 51, 53, 57, 60, 64, 66, 70, 73, 77, 79, 83, 86, 90, 92, 96, 99, 103, 105, 109, 112, 116, 118, 122, 125}, {2, 3, 4, 6, 7, 9, 10, 11, 15, 16, 17, 19, 20, 22, 23, 24, 28, 29, 30, 32, 33, 35, 36, 37, 41, 42, 43, 45, 46, 48, 49, 50, 54, 55, 56, 58, 59, 61, 62, 63, 67, 68, 69, 71, 72, 74, 75, 76, 80, 81, 82, 84, 85, 87, 88, 89, 93, 94, 95, 97, 98, 100, 101, 102, 106, 107, 108, 110, 111, 113, 114, 115, 119, 120, 121, 123, 124, 126, 127, 128, 132, 133, 134, 136, 137, 139, 140, 141}]
144;8;[{0}, {72}, {132, 12}, {60, 84}, {96, 66, 126, 36, 102, 6, 42, 138, 108, 78, 48, 18, 114, 54, 24, 90, 120, 30}, {128, 2, 130, 4, 134, 8, 136, 10, 140, 14, 142, 16, 20, 22, 26, 28, 32, 34, 38, 40, 44, 46, 50, 52, 56, 58, 62, 64, 68, 70, 74, 76, 80, 82, 86, 88, 92, 94, 98, 100, 104, 106, 110, 112, 116, 118, 122, 124}, {1, 129, 3, 131, 5, 133, 7, 135, 9, 137, 11, 139, 13, 141, 15, 143, 17, 19, 21, 23, 25, 27, 29, 31, 33, 35, 37, 39, 41, 43, 45, 47, 49, 51, 53, 55, 57, 59, 61, 63, 65, 67, 69, 71, 73, 75, 77, 79, 81, 83, 85, 87, 89, 91, 93, 95, 97, 99, 101, 103, 105, 107, 109, 111, 113, 115, 117, 119, 121, 123, 125, 127}]
145;5;[{116}, {0, 58, 29, 87}, {129, 2, 4, 5, 132, 134, 135, 10, 11, 140, 13, 141, 143, 16, 18, 19, 24, 25, 27, 31, 33, 34, 39, 40, 42, 45, 47, 48, 53, 54, 56, 60, 62, 63, 68, 69, 71, 74, 76, 77, 82, 83, 85, 89, 91, 92, 97, 98, 100, 103, 105, 106, 111, 112, 114, 118, 120, 121, 126, 127}, {1, 3, 6, 7, 8, 9, 12, 14, 15, 17, 20, 21, 22, 23, 26, 28, 30, 32, 35, 36, 37, 38, 41, 43, 44, 46, 49, 50, 51, 52, 55, 57, 59, 61, 64, 65, 66, 67, 70, 72, 73, 75, 78, 79, 80, 81, 84, 86, 88, 90, 93, 94, 95, 96, 99, 101, 102, 104, 107, 108, 109, 110, 113, 115, 117, 119, 122, 123, 124, 125, 128, 130, 131, 133, 136, 137, 138, 139, 142, 144}]
146;5;[{0}, {73}, {129, 3, 7, 8, 9, 137, 138, 139, 143, 17, 21, 24, 30, 43, 49, 52, 56, 64, 65, 66, 70, 76, 80, 81, 82, 90, 94, 97, 103, 116, 122, 125}, {1, 2, 4, 5, 6, 10, 11, 12, 13, 14, 15, 16, 18, 19, 20, 22, 23, 25, 26, 27, 28, 29, 31, 32, 33, 34, 35, 36, 37, 38, 39, 40, 41, 42, 44, 45, 46, 47, 48, 50, 51, 53, 54, 55, 57, 58, 59, 60, 61, 62, 63, 67, 68, 69, 71, 72, 74, 75, 77, 78, 79, 83, 84, 85, 86, 87, 88, 89, 91, 92, 93, 95, 96, 98, 99, 100, 101, 102, 104, 105, 106, 107, 108, 109, 110, 111, 112, 113, 114, 115, 117, 118, 119, 120, 121, 123, 124, 126, 127, 128, 130, 131, 132, 133, 134, 135, 136, 140, 141, 142, 144, 145}]
147;8;[{0}, {21, 126}, {105, 42}, {84, 63}, {98, 35, 133, 70, 7, 140, 77, 14, 112, 49, 119, 56, 91, 28}, {1, 132, 134, 6, 8, 139, 13, 141, 15, 146, 20, 22, 27, 29, 34, 36, 41, 43, 48, 50, 55, 57, 62, 64, 69, 71, 76, 78, 83, 85, 90, 92, 97, 99, 104, 106, 111, 113, 118, 120, 125, 127}, {2, 3, 4, 5, 9, 10, 11, 12, 16, 17, 18, 19, 23, 24, 25, 26, 30, 31, 32, 33, 37, 38, 39, 40, 44, 45, 46, 47, 51, 52, 53, 54, 58, 59, 60, 61, 65, 66, 67, 68, 72, 73, 74, 75, 79, 80, 81, 82, 86, 87, 88, 89, 93, 94, 95, 96, 100, 101, 102, 103, 107, 108, 109, 110, 114, 115, 116, 117, 121, 122, 123, 124, 128, 129, 130, 131, 135, 136, 137, 138, 142, 143, 144, 145}]
148;6;[{0}, {74}, {36, 68, 38, 6, 110, 142, 80, 112}, {128, 2, 130, 132, 4, 134, 8, 136, 10, 138, 12, 140, 14, 16, 144, 18, 146, 20, 22, 24, 26, 28, 30, 32, 34, 40, 42, 44, 46, 48, 50, 52, 54, 56, 58, 60, 62, 64, 66, 70, 72, 76, 78, 82, 84, 86, 88, 90, 92, 94, 96, 98, 100, 102, 104, 106, 108, 114, 116, 118, 120, 122, 124, 126}, {1, 129, 3, 131, 5, 133, 7, 135, 9, 137, 11, 139, 13, 141, 15, 143, 17, 145, 19, 147, 21, 23, 25, 27, 29, 31, 33, 35, 37, 39, 41, 43, 45, 47, 49, 51, 53, 55, 57, 59, 61, 63, 65, 67, 69, 71, 73, 75, 77, 79, 81, 83, 85, 87, 89, 91, 93, 95, 97, 99, 101, 103, 105, 107, 109, 111, 113, 115, 117, 119, 121, 123, 125, 127}]
149;4;[{0}, {1, 44, 105, 148}, {2, 3, 4, 5, 6, 7, 8, 9, 10, 11, 12, 13, 14, 15, 16, 17, 18, 19, 20, 21, 22, 23, 24, 25, 26, 27, 28, 29, 30, 31, 32, 33, 34, 35, 36, 37, 38, 39, 40, 41, 42, 43, 45, 46, 47, 48, 49, 50, 51, 52, 53, 54, 55, 56, 57, 58, 59, 60, 61, 62, 63, 64, 65, 66, 67, 68, 69, 70, 71, 72, 73, 74, 75, 76, 77, 78, 79, 80, 81, 82, 83, 84, 85, 86, 87, 88, 89, 90, 91, 92, 93, 94, 95, 96, 97, 98, 99, 100, 101, 102, 103, 104, 106, 107, 108, 109, 110, 111, 112, 113, 114, 115, 116, 117, 118, 119, 120, 121, 122, 123, 124, 125, 126, 127, 128, 129, 130, 131, 132, 133, 134, 135, 136, 137, 138, 139, 140, 141, 142, 143, 144, 145, 146, 147}]
150;7;[{0}, {120, 30}, {90, 60}, {130, 100, 70, 40, 10, 140, 110, 80, 50, 20}, {65, 35, 5, 135, 105, 75, 45, 15, 145, 115, 85, 55, 25, 125, 95}, {1, 2, 3, 4, 6, 7, 8, 9, 11, 12, 13, 14, 16, 17, 18, 19, 21, 22, 23, 24, 26, 27, 28, 29, 31, 32, 33, 34, 36, 37, 38, 39, 41, 42, 43, 44, 46, 47, 48, 49, 51, 52, 53, 54, 56, 57, 58, 59, 61, 62, 63, 64, 66, 67, 68, 69, 71, 72, 73, 74, 76, 77, 78, 79, 81, 82, 83, 84, 86, 87, 88, 89, 91, 92, 93, 94, 96, 97, 98, 99, 101, 102, 103, 104, 106, 107, 108, 109, 111, 112, 113, 114, 116, 117, 118, 119, 121, 122, 123, 124, 126, 127, 128, 129, 131, 132, 133, 134, 136, 137, 138, 139, 141, 142, 143, 144, 146, 147, 148, 149}]
151;4;[{64}, {85}, {0, 1, 2, 3, 4, 5, 6, 7, 8, 9, 10, 11, 12, 13, 14, 15, 16, 17, 18, 19, 20, 21, 22, 23, 24, 25, 26, 27, 28, 29, 30, 31, 32, 33, 34, 35, 36, 37, 38, 39, 40, 41, 42, 43, 44, 45, 46, 47, 48, 49, 50, 51, 52, 53, 54, 55, 56, 57, 58, 59, 60, 61, 62, 63, 65, 66, 67, 68, 69, 70, 71, 72, 73, 74, 75, 76, 77, 78, 79, 80, 81, 82, 83, 84, 86, 87, 88, 89, 90, 91, 92, 93, 94, 95, 96, 97, 98, 99, 100, 101, 102, 103, 104, 105, 106, 107, 108, 109, 110, 111, 112, 113, 114, 115, 116, 117, 118, 119, 120, 121, 122, 123, 124, 125, 126, 127, 128, 129, 130, 131, 132, 133, 134, 135, 136, 137, 138, 139, 140, 141, 142, 143, 144, 145, 146, 147, 148, 149, 150}]
152;6;[{0}, {114, 76, 38}, {57, 19, 133, 95}, {96, 1, 132, 37, 134, 39, 75, 77, 113, 18, 115, 20, 151, 56, 58, 94}, {2, 3, 4, 5, 6, 7, 8, 9, 10, 11, 12, 13, 14, 15, 16, 17, 21, 22, 23, 24, 25, 26, 27, 28, 29, 30, 31, 32, 33, 34, 35, 36, 40, 41, 42, 43, 44, 45, 46, 47, 48, 49, 50, 51, 52, 53, 54, 55, 59, 60, 61, 62, 63, 64, 65, 66, 67, 68, 69, 70, 71, 72, 73, 74, 78, 79, 80, 81, 82, 83, 84, 85, 86, 87, 88, 89, 90, 91, 92, 93, 97, 98, 99, 100, 101, 102, 103, 104, 105, 106, 107, 108, 109, 110, 111, 112, 116, 117, 118, 119, 120, 121, 122, 123, 124, 125, 126, 127, 128, 129, 130, 131, 135, 136, 137, 138, 139, 140, 141, 142, 143, 144, 145, 146, 147, 148, 149, 150}]
153;5;[{102}, {0, 51}, {129, 3, 132, 6, 135, 9, 138, 12, 141, 15, 144, 18, 147, 21, 150, 24, 27, 30, 33, 36, 39, 42, 45, 48, 54, 57, 60, 63, 66, 69, 72, 75, 78, 81, 84, 87, 90, 93, 96, 99, 105, 108, 111, 114, 117, 120, 123, 126}, {1, 2, 4, 5, 7, 8, 10, 11, 13, 14, 16, 17, 19, 20, 22, 23, 25, 26, 28, 29, 31, 32, 34, 35, 37, 38, 40, 41, 43, 44, 46, 47, 49, 50, 52, 53, 55, 56, 58, 59, 61, 62, 64, 65, 67, 68, 70, 71, 73, 74, 76, 77, 79, 80, 82, 83, 85, 86, 88, 89, 91, 92, 94, 95, 97, 98, 100, 101, 103, 104, 106, 107, 109, 110, 112, 113, 115, 116, 118, 119, 121, 122, 124, 125, 127, 128, 130, 131, 133, 134, 136, 137, 139, 140, 142, 143, 145, 146, 148, 149, 151, 152}]
154;7;[{28}, {98, 84, 70}, {0, 42, 140, 14, 112, 56, 126}, {132, 134, 6, 8, 146, 20, 148, 22, 34, 36, 48, 50, 62, 64, 76, 78, 90, 92, 104, 106, 118, 120}, {128, 2, 130, 4, 136, 10, 138, 12, 142, 16, 144, 18, 150, 24, 152, 26, 30, 32, 38, 40, 44, 46, 52, 54, 58, 60, 66, 68, 72, 74, 80, 82, 86, 88, 94, 96, 100, 102, 108, 110, 114, 116, 122, 124}, {1, 3, 5, 7, 9, 11, 13, 15, 17, 19, 21, 23, 25, 27, 29, 31, 33, 35, 37, 39, 41, 43, 45, 47, 49, 51, 53, 55, 57, 59, 61, 63, 65, 67, 69, 71, 73, 75, 77, 79, 81, 83, 85, 87, 89, 91, 93, 95, 97, 99, 101, 103, 105, 107, 109, 111, 113, 115, 117, 119, 121, 123, 125, 127, 129, 131, 133, 135, 137, 139, 141, 143, 145, 147, 149, 151, 153}]
155;5;[{0}, {35, 70, 140, 15, 85, 120, 60, 95}, {130, 5, 135, 10, 145, 20, 150, 25, 30, 40, 45, 50, 55, 65, 75, 80, 90, 100, 105, 110, 115, 125}, {1, 2, 3, 4, 6, 7, 8, 9, 11, 12, 13, 14, 16, 17, 18, 19, 21, 22, 23, 24, 26, 27, 28, 29, 31, 32, 33, 34, 36, 37, 38, 39, 41, 42, 43, 44, 46, 47, 48, 49, 51, 52, 53, 54, 56, 57, 58, 59, 61, 62, 63, 64, 66, 67, 68, 69, 71, 72, 73, 74, 76, 77, 78, 79, 81, 82, 83, 84, 86, 87, 88, 89, 91, 92, 93, 94, 96, 97, 98, 99, 101, 102, 103, 104, 106, 107, 108, 109, 111, 112, 113, 114, 116, 117, 118, 119, 121, 122, 123, 124, 126, 127, 128, 129, 131, 132, 133, 134, 136, 137, 138, 139, 141, 142, 143, 144, 146, 147, 148, 149, 151, 152, 153, 154}]
156;7;[{0}, {78}, {117, 39}, {65, 130, 104, 13, 143, 52, 26, 91}, {1, 129, 131, 5, 135, 8, 138, 12, 14, 142, 144, 18, 148, 21, 151, 25, 27, 155, 31, 34, 38, 40, 44, 47, 51, 53, 57, 60, 64, 66, 70, 73, 77, 79, 83, 86, 90, 92, 96, 99, 103, 105, 109, 112, 116, 118, 122, 125}, {2, 3, 4, 6, 7, 9, 10, 11, 15, 16, 17, 19, 20, 22, 23, 24, 28, 29, 30, 32, 33, 35, 36, 37, 41, 42, 43, 45, 46, 48, 49, 50, 54, 55, 56, 58, 59, 61, 62, 63, 67, 68, 69, 71, 72, 74, 75, 76, 80, 81, 82, 84, 85, 87, 88, 89, 93, 94, 95, 97, 98, 100, 101, 102, 106, 107, 108, 110, 111, 113, 114, 115, 119, 120, 121, 123, 124, 126, 127, 128, 132, 133, 134, 136, 137, 139, 140, 141, 145, 146, 147, 149, 150, 152, 153, 154}]
157;4;[{24}, {131}, {0, 1, 2, 3, 4, 5, 6, 7, 8, 9, 10, 11, 12, 13, 14, 15, 16, 17, 18, 19, 20, 21, 22, 23, 25, 26, 27, 28, 29, 30, 31, 32, 33, 34, 35, 36, 37, 38, 39, 40, 41, 42, 43, 44, 45, 46, 47, 48, 49, 50, 51, 52, 53, 54, 55, 56, 57, 58, 59, 60, 61, 62, 63, 64, 65, 66, 67, 68, 69, 70, 71, 72, 73, 74, 75, 76, 77, 78, 79, 80, 81, 82, 83, 84, 85, 86, 87, 88, 89, 90, 91, 92, 93, 94, 95, 96, 97, 98, 99, 100, 101, 102, 103, 104, 105, 106, 107, 108, 109, 110, 111, 112, 113, 114, 115, 116, 117, 118, 119, 120, 121, 122, 123, 124, 125, 126, 127, 128, 129, 130, 132, 133, 134, 135, 136, 137, 138, 139, 140, 141, 142, 143, 144, 145, 146, 147, 148, 149, 150, 151, 152, 153, 154, 155, 156}]
158;5;[{46}, {110}, {0, 2, 4, 6, 8, 10, 12, 14, 16, 18, 20, 22, 24, 26, 28, 30, 32, 34, 36, 38, 40, 42, 44, 48, 50, 52, 54, 56, 58, 60, 62, 64, 66, 68, 70, 72, 74, 76, 78, 80, 82, 84, 86, 88, 90, 92, 94, 96, 98, 100, 102, 104, 106, 108, 112, 114, 116, 118, 120, 122, 124, 126, 128, 130, 132, 134, 136, 138, 140, 142, 144, 146, 148, 150, 152, 154, 156}, {1, 3, 5, 7, 9, 11, 13, 15, 17, 19, 21, 23, 25, 27, 29, 31, 33, 35, 37, 39, 41, 43, 45, 47, 49, 51, 53, 55, 57, 59, 61, 63, 65, 67, 69, 71, 73, 75, 77, 79, 81, 83, 85, 87, 89, 91, 93, 95, 97, 99, 101, 103, 105, 107, 109, 111, 113, 115, 117, 119, 121, 123, 125, 127, 129, 131, 133, 135, 137, 139, 141, 143, 145, 147, 149, 151, 153, 155, 157}]
159;5;[{0}, {105, 129, 54, 30}, {3, 132, 6, 135, 9, 138, 12, 141, 15, 144, 18, 147, 21, 150, 24, 153, 27, 156, 33, 36, 39, 42, 45, 48, 51, 57, 60, 63, 66, 69, 72, 75, 78, 81, 84, 87, 90, 93, 96, 99, 102, 108, 111, 114, 117, 120, 123, 126}, {1, 2, 4, 5, 7, 8, 10, 11, 13, 14, 16, 17, 19, 20, 22, 23, 25, 26, 28, 29, 31, 32, 34, 35, 37, 38, 40, 41, 43, 44, 46, 47, 49, 50, 52, 53, 55, 56, 58, 59, 61, 62, 64, 65, 67, 68, 70, 71, 73, 74, 76, 77, 79, 80, 82, 83, 85, 86, 88, 89, 91, 92, 94, 95, 97, 98, 100, 101, 103, 104, 106, 107, 109, 110, 112, 113, 115, 116, 118, 119, 121, 122, 124, 125, 127, 128, 130, 131, 133, 134, 136, 137, 139, 140, 142, 143, 145, 146, 148, 149, 151, 152, 154, 155, 157, 158}]
160;7;[{50}, {130}, {10, 90}, {0, 100, 70, 40, 140, 110, 80, 20, 150, 120, 60, 30}, {1, 129, 3, 131, 133, 7, 9, 137, 11, 139, 13, 141, 143, 17, 19, 147, 21, 149, 23, 151, 153, 27, 29, 157, 31, 159, 33, 37, 39, 41, 43, 47, 49, 51, 53, 57, 59, 61, 63, 67, 69, 71, 73, 77, 79, 81, 83, 87, 89, 91, 93, 97, 99, 101, 103, 107, 109, 111, 113, 117, 119, 121, 123, 127}, {2, 4, 5, 6, 8, 12, 14, 15, 16, 18, 22, 24, 25, 26, 28, 32, 34, 35, 36, 38, 42, 44, 45, 46, 48, 52, 54, 55, 56, 58, 62, 64, 65, 66, 68, 72, 74, 75, 76, 78, 82, 84, 85, 86, 88, 92, 94, 95, 96, 98, 102, 104, 105, 106, 108, 112, 114, 115, 116, 118, 122, 124, 125, 126, 128, 132, 134, 135, 136, 138, 142, 144, 145, 146, 148, 152, 154, 155, 156, 158}]
161;6;[{77}, {147, 14, 119}, {0, 133, 7, 140, 21, 154, 28, 35, 42, 49, 56, 63, 70, 84, 91, 98, 105, 112, 126}, {1, 132, 134, 6, 8, 139, 13, 141, 15, 146, 20, 148, 22, 153, 27, 155, 29, 160, 34, 36, 41, 43, 48, 50, 55, 57, 62, 64, 69, 71, 76, 78, 83, 85, 90, 92, 97, 99, 104, 106, 111, 113, 118, 120, 125, 127}, {2, 3, 4, 5, 9, 10, 11, 12, 16, 17, 18, 19, 23, 24, 25, 26, 30, 31, 32, 33, 37, 38, 39, 40, 44, 45, 46, 47, 51, 52, 53, 54, 58, 59, 60, 61, 65, 66, 67, 68, 72, 73, 74, 75, 79, 80, 81, 82, 86, 87, 88, 89, 93, 94, 95, 96, 100, 101, 102, 103, 107, 108, 109, 110, 114, 115, 116, 117, 121, 122, 123, 124, 128, 129, 130, 131, 135, 136, 137, 138, 142, 143, 144, 145, 149, 150, 151, 152, 156, 157, 158, 159}]
162;7;[{132, 30}, {72, 18, 126}, {0, 36, 108, 144, 54, 90}, {96, 66, 102, 6, 42, 138, 12, 78, 48, 156, 114, 84, 150, 120, 24, 60}, {1, 131, 5, 133, 7, 137, 11, 139, 13, 143, 17, 145, 19, 149, 23, 151, 25, 155, 29, 157, 31, 161, 35, 37, 41, 43, 47, 49, 53, 55, 59, 61, 65, 67, 71, 73, 77, 79, 83, 85, 89, 91, 95, 97, 101, 103, 107, 109, 113, 115, 119, 121, 125, 127}, {2, 3, 4, 8, 9, 10, 14, 15, 16, 20, 21, 22, 26, 27, 28, 32, 33, 34, 38, 39, 40, 44, 45, 46, 50, 51, 52, 56, 57, 58, 62, 63, 64, 68, 69, 70, 74, 75, 76, 80, 81, 82, 86, 87, 88, 92, 93, 94, 98, 99, 100, 104, 105, 106, 110, 111, 112, 116, 117, 118, 122, 123, 124, 128, 129, 130, 134, 135, 136, 140, 141, 142, 146, 147, 148, 152, 153, 154, 158, 159, 160}]
163;4;[{0}, {104, 105, 58, 59}, {1, 2, 3, 4, 5, 6, 7, 8, 9, 10, 11, 12, 13, 14, 15, 16, 17, 18, 19, 20, 21, 22, 23, 24, 25, 26, 27, 28, 29, 30, 31, 32, 33, 34, 35, 36, 37, 38, 39, 40, 41, 42, 43, 44, 45, 46, 47, 48, 49, 50, 51, 52, 53, 54, 55, 56, 57, 60, 61, 62, 63, 64, 65, 66, 67, 68, 69, 70, 71, 72, 73, 74, 75, 76, 77, 78, 79, 80, 81, 82, 83, 84, 85, 86, 87, 88, 89, 90, 91, 92, 93, 94, 95, 96, 97, 98, 99, 100, 101, 102, 103, 106, 107, 108, 109, 110, 111, 112, 113, 114, 115, 116, 117, 118, 119, 120, 121, 122, 123, 124, 125, 126, 127, 128, 129, 130, 131, 132, 133, 134, 135, 136, 137, 138, 139, 140, 141, 142, 143, 144, 145, 146, 147, 148, 149, 150, 151, 152, 153, 154, 155, 156, 157, 158, 159, 160, 161, 162}]
164;6;[{0}, {82}, {32, 96, 132, 68, 38, 40, 42, 44, 14, 50, 114, 150, 120, 122, 124, 126}, {128, 2, 130, 4, 6, 134, 8, 136, 10, 138, 12, 140, 142, 16, 144, 18, 146, 20, 148, 22, 24, 152, 26, 154, 28, 156, 30, 158, 160, 34, 162, 36, 46, 48, 52, 54, 56, 58, 60, 62, 64, 66, 70, 72, 74, 76, 78, 80, 84, 86, 88, 90, 92, 94, 98, 100, 102, 104, 106, 108, 110, 112, 116, 118}, {1, 3, 5, 7, 9, 11, 13, 15, 17, 19, 21, 23, 25, 27, 29, 31, 33, 35, 37, 39, 41, 43, 45, 47, 49, 51, 53, 55, 57, 59, 61, 63, 65, 67, 69, 71, 73, 75, 77, 79, 81, 83, 85, 87, 89, 91, 93, 95, 97, 99, 101, 103, 105, 107, 109, 111, 113, 115, 117, 119, 121, 123, 125, 127, 129, 131, 133, 135, 137, 139, 141, 143, 145, 147, 149, 151, 153, 155, 157, 159, 161, 163}]
165;6;[{0}, {110, 55}, {65, 100, 10, 45, 120, 155}, {130, 5, 135, 140, 15, 145, 20, 150, 25, 30, 160, 35, 40, 50, 60, 70, 75, 80, 85, 90, 95, 105, 115, 125}, {1, 2, 3, 4, 6, 7, 8, 9, 11, 12, 13, 14, 16, 17, 18, 19, 21, 22, 23, 24, 26, 27, 28, 29, 31, 32, 33, 34, 36, 37, 38, 39, 41, 42, 43, 44, 46, 47, 48, 49, 51, 52, 53, 54, 56, 57, 58, 59, 61, 62, 63, 64, 66, 67, 68, 69, 71, 72, 73, 74, 76, 77, 78, 79, 81, 82, 83, 84, 86, 87, 88, 89, 91, 92, 93, 94, 96, 97, 98, 99, 101, 102, 103, 104, 106, 107, 108, 109, 111, 112, 113, 114, 116, 117, 118, 119, 121, 122, 123, 124, 126, 127, 128, 129, 131, 132, 133, 134, 136, 137, 138, 139, 141, 142, 143, 144, 146, 147, 148, 149, 151, 152, 153, 154, 156, 157, 158, 159, 161, 162, 163, 164}]
166;5;[{0}, {82, 84}, {2, 4, 6, 8, 10, 12, 14, 16, 18, 20, 22, 24, 26, 28, 30, 32, 34, 36, 38, 40, 42, 44, 46, 48, 50, 52, 54, 56, 58, 60, 62, 64, 66, 68, 70, 72, 74, 76, 78, 80, 86, 88, 90, 92, 94, 96, 98, 100, 102, 104, 106, 108, 110, 112, 114, 116, 118, 120, 122, 124, 126, 128, 130, 132, 134, 136, 138, 140, 142, 144, 146, 148, 150, 152, 154, 156, 158, 160, 162, 164}, {1, 3, 5, 7, 9, 11, 13, 15, 17, 19, 21, 23, 25, 27, 29, 31, 33, 35, 37, 39, 41, 43, 45, 47, 49, 51, 53, 55, 57, 59, 61, 63, 65, 67, 69, 71, 73, 75, 77, 79, 81, 83, 85, 87, 89, 91, 93, 95, 97, 99, 101, 103, 105, 107, 109, 111, 113, 115, 117, 119, 121, 123, 125, 127, 129, 131, 133, 135, 137, 139, 141, 143, 145, 147, 149, 151, 153, 155, 157, 159, 161, 163, 165}]
167;4;[{0}, {1, 166}, {2, 3, 4, 5, 6, 7, 8, 9, 10, 11, 12, 13, 14, 15, 16, 17, 18, 19, 20, 21, 22, 23, 24, 25, 26, 27, 28, 29, 30, 31, 32, 33, 34, 35, 36, 37, 38, 39, 40, 41, 42, 43, 44, 45, 46, 47, 48, 49, 50, 51, 52, 53, 54, 55, 56, 57, 58, 59, 60, 61, 62, 63, 64, 65, 66, 67, 68, 69, 70, 71, 72, 73, 74, 75, 76, 77, 78, 79, 80, 81, 82, 83, 84, 85, 86, 87, 88, 89, 90, 91, 92, 93, 94, 95, 96, 97, 98, 99, 100, 101, 102, 103, 104, 105, 106, 107, 108, 109, 110, 111, 112, 113, 114, 115, 116, 117, 118, 119, 120, 121, 122, 123, 124, 125, 126, 127, 128, 129, 130, 131, 132, 133, 134, 135, 136, 137, 138, 139, 140, 141, 142, 143, 144, 145, 146, 147, 148, 149, 150, 151, 152, 153, 154, 155, 156, 157, 158, 159, 160, 161, 162, 163, 164, 165}]
168;7;[{42}, {0, 84, 126}, {162, 132, 36, 6, 78, 48, 120, 90}, {96, 66, 102, 72, 138, 12, 108, 144, 156, 18, 114, 54, 150, 24, 60, 30}, {129, 3, 135, 9, 141, 15, 147, 21, 153, 27, 159, 33, 165, 39, 45, 51, 57, 63, 69, 75, 81, 87, 93, 99, 105, 111, 117, 123}, {1, 2, 4, 5, 7, 8, 10, 11, 13, 14, 16, 17, 19, 20, 22, 23, 25, 26, 28, 29, 31, 32, 34, 35, 37, 38, 40, 41, 43, 44, 46, 47, 49, 50, 52, 53, 55, 56, 58, 59, 61, 62, 64, 65, 67, 68, 70, 71, 73, 74, 76, 77, 79, 80, 82, 83, 85, 86, 88, 89, 91, 92, 94, 95, 97, 98, 100, 101, 103, 104, 106, 107, 109, 110, 112, 113, 115, 116, 118, 119, 121, 122, 124, 125, 127, 128, 130, 131, 133, 134, 136, 137, 139, 140, 142, 143, 145, 146, 148, 149, 151, 152, 154, 155, 157, 158, 160, 161, 163, 164, 166, 167}]
169;10;[{0}, {156, 13}, {26, 143}, {130, 39}, {52, 117}, {104, 65}, {91, 78}, {1, 129, 131, 5, 135, 8, 138, 12, 14, 142, 144, 18, 148, 21, 151, 25, 27, 155, 157, 31, 161, 34, 164, 38, 40, 168, 44, 47, 51, 53, 57, 60, 64, 66, 70, 73, 77, 79, 83, 86, 90, 92, 96, 99, 103, 105, 109, 112, 116, 118, 122, 125}, {2, 3, 4, 6, 7, 9, 10, 11, 15, 16, 17, 19, 20, 22, 23, 24, 28, 29, 30, 32, 33, 35, 36, 37, 41, 42, 43, 45, 46, 48, 49, 50, 54, 55, 56, 58, 59, 61, 62, 63, 67, 68, 69, 71, 72, 74, 75, 76, 80, 81, 82, 84, 85, 87, 88, 89, 93, 94, 95, 97, 98, 100, 101, 102, 106, 107, 108, 110, 111, 113, 114, 115, 119, 120, 121, 123, 124, 126, 127, 128, 132, 133, 134, 136, 137, 139, 140, 141, 145, 146, 147, 149, 150, 152, 153, 154, 158, 159, 160, 162, 163, 165, 166, 167}]
170;5;[{0}, {85}, {130, 5, 135, 136, 10, 140, 15, 17, 145, 20, 150, 153, 25, 155, 30, 160, 34, 35, 165, 40, 45, 50, 51, 55, 60, 65, 68, 70, 75, 80, 90, 95, 100, 102, 105, 110, 115, 119, 120, 125}, {1, 2, 3, 4, 6, 7, 8, 9, 11, 12, 13, 14, 16, 18, 19, 21, 22, 23, 24, 26, 27, 28, 29, 31, 32, 33, 36, 37, 38, 39, 41, 42, 43, 44, 46, 47, 48, 49, 52, 53, 54, 56, 57, 58, 59, 61, 62, 63, 64, 66, 67, 69, 71, 72, 73, 74, 76, 77, 78, 79, 81, 82, 83, 84, 86, 87, 88, 89, 91, 92, 93, 94, 96, 97, 98, 99, 101, 103, 104, 106, 107, 108, 109, 111, 112, 113, 114, 116, 117, 118, 121, 122, 123, 124, 126, 127, 128, 129, 131, 132, 133, 134, 137, 138, 139, 141, 142, 143, 144, 146, 147, 148, 149, 151, 152, 154, 156, 157, 158, 159, 161, 162, 163, 164, 166, 167, 168, 169}]
171;6;[{114}, {133, 38}, {0, 76, 19, 152, 57, 95}, {1, 132, 134, 7, 8, 11, 12, 140, 141, 144, 145, 18, 20, 151, 153, 26, 27, 30, 31, 159, 160, 163, 164, 37, 39, 170, 45, 46, 49, 50, 56, 58, 64, 65, 68, 69, 75, 77, 83, 84, 87, 88, 94, 96, 102, 103, 106, 107, 113, 115, 121, 122, 125, 126}, {2, 3, 4, 5, 6, 9, 10, 13, 14, 15, 16, 17, 21, 22, 23, 24, 25, 28, 29, 32, 33, 34, 35, 36, 40, 41, 42, 43, 44, 47, 48, 51, 52, 53, 54, 55, 59, 60, 61, 62, 63, 66, 67, 70, 71, 72, 73, 74, 78, 79, 80, 81, 82, 85, 86, 89, 90, 91, 92, 93, 97, 98, 99, 100, 101, 104, 105, 108, 109, 110, 111, 112, 116, 117, 118, 119, 120, 123, 124, 127, 128, 129, 130, 131, 135, 136, 137, 138, 139, 142, 143, 146, 147, 148, 149, 150, 154, 155, 156, 157, 158, 161, 162, 165, 166, 167, 168, 169}]
172;6;[{0}, {86}, {129, 43}, {128, 1, 130, 6, 7, 8, 135, 136, 11, 137, 140, 21, 22, 150, 151, 32, 161, 35, 36, 37, 164, 165, 166, 42, 171, 44, 49, 50, 51, 54, 64, 65, 75, 78, 79, 80, 85, 87, 92, 93, 94, 97, 107, 108, 118, 121, 122, 123}, {2, 3, 4, 5, 9, 10, 12, 13, 14, 15, 16, 17, 18, 19, 20, 23, 24, 25, 26, 27, 28, 29, 30, 31, 33, 34, 38, 39, 40, 41, 45, 46, 47, 48, 52, 53, 55, 56, 57, 58, 59, 60, 61, 62, 63, 66, 67, 68, 69, 70, 71, 72, 73, 74, 76, 77, 81, 82, 83, 84, 88, 89, 90, 91, 95, 96, 98, 99, 100, 101, 102, 103, 104, 105, 106, 109, 110, 111, 112, 113, 114, 115, 116, 117, 119, 120, 124, 125, 126, 127, 131, 132, 133, 134, 138, 139, 141, 142, 143, 144, 145, 146, 147, 148, 149, 152, 153, 154, 155, 156, 157, 158, 159, 160, 162, 163, 167, 168, 169, 170}]
173;4;[{0}, {131, 8, 136, 10, 11, 138, 139, 14, 15, 141, 143, 18, 19, 146, 22, 23, 150, 151, 154, 27, 155, 30, 158, 32, 159, 34, 35, 162, 37, 163, 165, 42, 48, 52, 55, 56, 63, 64, 65, 70, 73, 75, 82, 84, 89, 91, 98, 100, 103, 108, 109, 110, 117, 118, 121, 125}, {1, 2, 3, 4, 5, 6, 7, 9, 12, 13, 16, 17, 20, 21, 24, 25, 26, 28, 29, 31, 33, 36, 38, 39, 40, 41, 43, 44, 45, 46, 47, 49, 50, 51, 53, 54, 57, 58, 59, 60, 61, 62, 66, 67, 68, 69, 71, 72, 74, 76, 77, 78, 79, 80, 81, 83, 85, 86, 87, 88, 90, 92, 93, 94, 95, 96, 97, 99, 101, 102, 104, 105, 106, 107, 111, 112, 113, 114, 115, 116, 119, 120, 122, 123, 124, 126, 127, 128, 129, 130, 132, 133, 134, 135, 137, 140, 142, 144, 145, 147, 148, 149, 152, 153, 156, 157, 160, 161, 164, 166, 167, 168, 169, 170, 171, 172}]
174;6;[{0}, {87}, {3, 6, 9, 138, 15, 21, 153, 159, 36, 165, 168, 171, 51, 66, 72, 78, 81, 84, 90, 93, 96, 102, 108, 123}, {129, 132, 135, 12, 141, 144, 18, 147, 150, 24, 27, 156, 30, 33, 162, 39, 42, 45, 48, 54, 57, 60, 63, 69, 75, 99, 105, 111, 114, 117, 120, 126}, {1, 2, 4, 5, 7, 8, 10, 11, 13, 14, 16, 17, 19, 20, 22, 23, 25, 26, 28, 29, 31, 32, 34, 35, 37, 38, 40, 41, 43, 44, 46, 47, 49, 50, 52, 53, 55, 56, 58, 59, 61, 62, 64, 65, 67, 68, 70, 71, 73, 74, 76, 77, 79, 80, 82, 83, 85, 86, 88, 89, 91, 92, 94, 95, 97, 98, 100, 101, 103, 104, 106, 107, 109, 110, 112, 113, 115, 116, 118, 119, 121, 122, 124, 125, 127, 128, 130, 131, 133, 134, 136, 137, 139, 140, 142, 143, 145, 146, 148, 149, 151, 152, 154, 155, 157, 158, 160, 161, 163, 164, 166, 167, 169, 170, 172, 173}]
175;7;[{0}, {35, 140}, {105, 70}, {160, 15, 50, 20, 85, 55, 120, 90, 155, 125}, {130, 5, 135, 10, 145, 150, 25, 30, 165, 40, 170, 45, 60, 65, 75, 80, 95, 100, 110, 115}, {1, 2, 3, 4, 6, 7, 8, 9, 11, 12, 13, 14, 16, 17, 18, 19, 21, 22, 23, 24, 26, 27, 28, 29, 31, 32, 33, 34, 36, 37, 38, 39, 41, 42, 43, 44, 46, 47, 48, 49, 51, 52, 53, 54, 56, 57, 58, 59, 61, 62, 63, 64, 66, 67, 68, 69, 71, 72, 73, 74, 76, 77, 78, 79, 81, 82, 83, 84, 86, 87, 88, 89, 91, 92, 93, 94, 96, 97, 98, 99, 101, 102, 103, 104, 106, 107, 108, 109, 111, 112, 113, 114, 116, 117, 118, 119, 121, 122, 123, 124, 126, 127, 128, 129, 131, 132, 133, 134, 136, 137, 138, 139, 141, 142, 143, 144, 146, 147, 148, 149, 151, 152, 153, 154, 156, 157, 158, 159, 161, 162, 163, 164, 166, 167, 168, 169, 171, 172, 173, 174}]
176;8;[{0, 132}, {154, 22}, {88, 44}, {66, 110}, {32, 34, 98, 100, 164, 166, 10, 12, 76, 78, 142, 144, 54, 56, 122, 120}, {128, 2, 130, 4, 6, 134, 8, 136, 138, 140, 14, 16, 18, 146, 20, 148, 150, 24, 152, 26, 28, 156, 30, 158, 160, 162, 36, 38, 40, 168, 42, 170, 172, 46, 174, 48, 50, 52, 58, 60, 62, 64, 68, 70, 72, 74, 80, 82, 84, 86, 90, 92, 94, 96, 102, 104, 106, 108, 112, 114, 116, 118, 124, 126}, {1, 3, 5, 7, 9, 11, 13, 15, 17, 19, 21, 23, 25, 27, 29, 31, 33, 35, 37, 39, 41, 43, 45, 47, 49, 51, 53, 55, 57, 59, 61, 63, 65, 67, 69, 71, 73, 75, 77, 79, 81, 83, 85, 87, 89, 91, 93, 95, 97, 99, 101, 103, 105, 107, 109, 111, 113, 115, 117, 119, 121, 123, 125, 127, 129, 131, 133, 135, 137, 139, 141, 143, 145, 147, 149, 151, 153, 155, 157, 159, 161, 163, 165, 167, 169, 171, 173, 175}]
177;5;[{0}, {60, 117}, {129, 3, 132, 6, 135, 9, 138, 12, 141, 15, 144, 18, 147, 21, 150, 24, 153, 27, 156, 30, 159, 33, 162, 36, 165, 39, 168, 42, 171, 45, 174, 48, 51, 54, 57, 63, 66, 69, 72, 75, 78, 81, 84, 87, 90, 93, 96, 99, 102, 105, 108, 111, 114, 120, 123, 126}, {1, 2, 4, 5, 7, 8, 10, 11, 13, 14, 16, 17, 19, 20, 22, 23, 25, 26, 28, 29, 31, 32, 34, 35, 37, 38, 40, 41, 43, 44, 46, 47, 49, 50, 52, 53, 55, 56, 58, 59, 61, 62, 64, 65, 67, 68, 70, 71, 73, 74, 76, 77, 79, 80, 82, 83, 85, 86, 88, 89, 91, 92, 94, 95, 97, 98, 100, 101, 103, 104, 106, 107, 109, 110, 112, 113, 115, 116, 118, 119, 121, 122, 124, 125, 127, 128, 130, 131, 133, 134, 136, 137, 139, 140, 142, 143, 145, 146, 148, 149, 151, 152, 154, 155, 157, 158, 160, 161, 163, 164, 166, 167, 169, 170, 172, 173, 175, 176}]
178;5;[{0}, {34, 166, 12, 144, 52, 88, 90, 126}, {2, 4, 6, 8, 10, 14, 16, 18, 20, 22, 24, 26, 28, 30, 32, 36, 38, 40, 42, 44, 46, 48, 50, 54, 56, 58, 60, 62, 64, 66, 68, 70, 72, 74, 76, 78, 80, 82, 84, 86, 92, 94, 96, 98, 100, 102, 104, 106, 108, 110, 112, 114, 116, 118, 120, 122, 124, 128, 130, 132, 134, 136, 138, 140, 142, 146, 148, 150, 152, 154, 156, 158, 160, 162, 164, 168, 170, 172, 174, 176}, {1, 3, 5, 7, 9, 11, 13, 15, 17, 19, 21, 23, 25, 27, 29, 31, 33, 35, 37, 39, 41, 43, 45, 47, 49, 51, 53, 55, 57, 59, 61, 63, 65, 67, 69, 71, 73, 75, 77, 79, 81, 83, 85, 87, 89, 91, 93, 95, 97, 99, 101, 103, 105, 107, 109, 111, 113, 115, 117, 119, 121, 123, 125, 127, 129, 131, 133, 135, 137, 139, 141, 143, 145, 147, 149, 151, 153, 155, 157, 159, 161, 163, 165, 167, 169, 171, 173, 175, 177}]
179;4;[{0}, {128, 129, 131, 133, 6, 135, 8, 136, 15, 143, 146, 147, 21, 23, 156, 158, 32, 33, 36, 164, 43, 44, 171, 46, 173, 48, 50, 51, 59, 64, 75, 76, 80, 83, 84, 87, 92, 95, 96, 99, 103, 104, 115, 120}, {1, 2, 3, 4, 5, 7, 9, 10, 11, 12, 13, 14, 16, 17, 18, 19, 20, 22, 24, 25, 26, 27, 28, 29, 30, 31, 34, 35, 37, 38, 39, 40, 41, 42, 45, 47, 49, 52, 53, 54, 55, 56, 57, 58, 60, 61, 62, 63, 65, 66, 67, 68, 69, 70, 71, 72, 73, 74, 77, 78, 79, 81, 82, 85, 86, 88, 89, 90, 91, 93, 94, 97, 98, 100, 101, 102, 105, 106, 107, 108, 109, 110, 111, 112, 113, 114, 116, 117, 118, 119, 121, 122, 123, 124, 125, 126, 127, 130, 132, 134, 137, 138, 139, 140, 141, 142, 144, 145, 148, 149, 150, 151, 152, 153, 154, 155, 157, 159, 160, 161, 162, 163, 165, 166, 167, 168, 169, 170, 172, 174, 175, 176, 177, 178}]
180;8;[{0}, {90}, {150, 30}, {120, 60}, {65, 35, 5, 175, 145, 115, 85, 55, 25, 155, 125, 95}, {160, 130, 100, 165, 70, 135, 40, 105, 10, 75, 140, 45, 110, 15, 80, 170, 50, 20}, {1, 2, 3, 4, 6, 7, 8, 9, 11, 12, 13, 14, 16, 17, 18, 19, 21, 22, 23, 24, 26, 27, 28, 29, 31, 32, 33, 34, 36, 37, 38, 39, 41, 42, 43, 44, 46, 47, 48, 49, 51, 52, 53, 54, 56, 57, 58, 59, 61, 62, 63, 64, 66, 67, 68, 69, 71, 72, 73, 74, 76, 77, 78, 79, 81, 82, 83, 84, 86, 87, 88, 89, 91, 92, 93, 94, 96, 97, 98, 99, 101, 102, 103, 104, 106, 107, 108, 109, 111, 112, 113, 114, 116, 117, 118, 119, 121, 122, 123, 124, 126, 127, 128, 129, 131, 132, 133, 134, 136, 137, 138, 139, 141, 142, 143, 144, 146, 147, 148, 149, 151, 152, 153, 154, 156, 157, 158, 159, 161, 162, 163, 164, 166, 167, 168, 169, 171, 172, 173, 174, 176, 177, 178, 179}]
181;4;[{83}, {96}, {0, 1, 2, 3, 4, 5, 6, 7, 8, 9, 10, 11, 12, 13, 14, 15, 16, 17, 18, 19, 20, 21, 22, 23, 24, 25, 26, 27, 28, 29, 30, 31, 32, 33, 34, 35, 36, 37, 38, 39, 40, 41, 42, 43, 44, 45, 46, 47, 48, 49, 50, 51, 52, 53, 54, 55, 56, 57, 58, 59, 60, 61, 62, 63, 64, 65, 66, 67, 68, 69, 70, 71, 72, 73, 74, 75, 76, 77, 78, 79, 80, 81, 82, 84, 85, 86, 87, 88, 89, 90, 91, 92, 93, 94, 95, 97, 98, 99, 100, 101, 102, 103, 104, 105, 106, 107, 108, 109, 110, 111, 112, 113, 114, 115, 116, 117, 118, 119, 120, 121, 122, 123, 124, 125, 126, 127, 128, 129, 130, 131, 132, 133, 134, 135, 136, 137, 138, 139, 140, 141, 142, 143, 144, 145, 146, 147, 148, 149, 150, 151, 152, 153, 154, 155, 156, 157, 158, 159, 160, 161, 162, 163, 164, 165, 166, 167, 168, 169, 170, 171, 172, 173, 174, 175, 176, 177, 178, 179, 180}]
182;7;[{0}, {104, 78}, {26, 156, 52, 130}, {65, 39, 169, 13, 143, 117, 91}, {1, 129, 131, 5, 135, 8, 138, 12, 14, 142, 144, 18, 148, 21, 151, 25, 27, 155, 157, 31, 161, 34, 164, 38, 40, 168, 170, 44, 174, 47, 177, 51, 53, 181, 57, 60, 64, 66, 70, 73, 77, 79, 83, 86, 90, 92, 96, 99, 103, 105, 109, 112, 116, 118, 122, 125}, {2, 3, 4, 6, 7, 9, 10, 11, 15, 16, 17, 19, 20, 22, 23, 24, 28, 29, 30, 32, 33, 35, 36, 37, 41, 42, 43, 45, 46, 48, 49, 50, 54, 55, 56, 58, 59, 61, 62, 63, 67, 68, 69, 71, 72, 74, 75, 76, 80, 81, 82, 84, 85, 87, 88, 89, 93, 94, 95, 97, 98, 100, 101, 102, 106, 107, 108, 110, 111, 113, 114, 115, 119, 120, 121, 123, 124, 126, 127, 128, 132, 133, 134, 136, 137, 139, 140, 141, 145, 146, 147, 149, 150, 152, 153, 154, 158, 159, 160, 162, 163, 165, 166, 167, 171, 172, 173, 175, 176, 178, 179, 180}]
183;5;[{0}, {122, 61}, {129, 2, 4, 132, 134, 7, 135, 136, 10, 138, 12, 13, 14, 139, 16, 17, 143, 144, 21, 22, 151, 154, 29, 32, 161, 162, 166, 39, 40, 167, 169, 170, 44, 45, 171, 47, 48, 49, 173, 51, 176, 179, 54, 181, 57, 59, 63, 65, 68, 71, 73, 74, 75, 77, 78, 82, 83, 90, 93, 100, 101, 105, 106, 108, 109, 110, 112, 115, 118, 120, 124, 126}, {1, 3, 5, 6, 8, 9, 11, 15, 18, 19, 20, 23, 24, 25, 26, 27, 28, 30, 31, 33, 34, 35, 36, 37, 38, 41, 42, 43, 46, 50, 52, 53, 55, 56, 58, 60, 62, 64, 66, 67, 69, 70, 72, 76, 79, 80, 81, 84, 85, 86, 87, 88, 89, 91, 92, 94, 95, 96, 97, 98, 99, 102, 103, 104, 107, 111, 113, 114, 116, 117, 119, 121, 123, 125, 127, 128, 130, 131, 133, 137, 140, 141, 142, 145, 146, 147, 148, 149, 150, 152, 153, 155, 156, 157, 158, 159, 160, 163, 164, 165, 168, 172, 174, 175, 177, 178, 180, 182}]
184;6;[{0}, {138, 92, 46}, {161, 115, 69, 23}, {160, 1, 162, 68, 70, 137, 139, 45, 47, 114, 116, 22, 183, 24, 91, 93}, {2, 3, 4, 5, 6, 7, 8, 9, 10, 11, 12, 13, 14, 15, 16, 17, 18, 19, 20, 21, 25, 26, 27, 28, 29, 30, 31, 32, 33, 34, 35, 36, 37, 38, 39, 40, 41, 42, 43, 44, 48, 49, 50, 51, 52, 53, 54, 55, 56, 57, 58, 59, 60, 61, 62, 63, 64, 65, 66, 67, 71, 72, 73, 74, 75, 76, 77, 78, 79, 80, 81, 82, 83, 84, 85, 86, 87, 88, 89, 90, 94, 95, 96, 97, 98, 99, 100, 101, 102, 103, 104, 105, 106, 107, 108, 109, 110, 111, 112, 113, 117, 118, 119, 120, 121, 122, 123, 124, 125, 126, 127, 128, 129, 130, 131, 132, 133, 134, 135, 136, 140, 141, 142, 143, 144, 145, 146, 147, 148, 149, 150, 151, 152, 153, 154, 155, 156, 157, 158, 159, 163, 164, 165, 166, 167, 168, 169, 170, 171, 172, 173, 174, 175, 176, 177, 178, 179, 180, 181, 182}]
185;5;[{74, 37}, {0, 148, 111}, {1, 134, 6, 8, 137, 10, 11, 138, 140, 14, 142, 147, 149, 23, 26, 154, 27, 156, 29, 31, 158, 159, 162, 36, 38, 43, 171, 45, 174, 47, 48, 175, 177, 51, 179, 184, 60, 63, 64, 66, 68, 73, 75, 80, 82, 84, 85, 88, 97, 100, 101, 103, 105, 110, 112, 117, 119, 121, 122, 125}, {2, 3, 4, 5, 7, 9, 12, 13, 15, 16, 17, 18, 19, 20, 21, 22, 24, 25, 28, 30, 32, 33, 34, 35, 39, 40, 41, 42, 44, 46, 49, 50, 52, 53, 54, 55, 56, 57, 58, 59, 61, 62, 65, 67, 69, 70, 71, 72, 76, 77, 78, 79, 81, 83, 86, 87, 89, 90, 91, 92, 93, 94, 95, 96, 98, 99, 102, 104, 106, 107, 108, 109, 113, 114, 115, 116, 118, 120, 123, 124, 126, 127, 128, 129, 130, 131, 132, 133, 135, 136, 139, 141, 143, 144, 145, 146, 150, 151, 152, 153, 155, 157, 160, 161, 163, 164, 165, 166, 167, 168, 169, 170, 172, 173, 176, 178, 180, 181, 182, 183}]
186;6;[{72}, {174}, {0, 132, 6, 138, 12, 144, 18, 150, 24, 156, 30, 162, 36, 168, 42, 48, 180, 54, 60, 66, 78, 84, 90, 96, 102, 108, 114, 120, 126}, {1, 131, 5, 133, 7, 137, 11, 139, 13, 143, 17, 145, 19, 149, 23, 151, 25, 155, 29, 157, 31, 161, 35, 163, 37, 167, 41, 169, 43, 173, 47, 175, 49, 179, 53, 181, 55, 185, 59, 61, 65, 67, 71, 73, 77, 79, 83, 85, 89, 91, 95, 97, 101, 103, 107, 109, 113, 115, 119, 121, 125, 127}, {2, 3, 4, 8, 9, 10, 14, 15, 16, 20, 21, 22, 26, 27, 28, 32, 33, 34, 38, 39, 40, 44, 45, 46, 50, 51, 52, 56, 57, 58, 62, 63, 64, 68, 69, 70, 74, 75, 76, 80, 81, 82, 86, 87, 88, 92, 93, 94, 98, 99, 100, 104, 105, 106, 110, 111, 112, 116, 117, 118, 122, 123, 124, 128, 129, 130, 134, 135, 136, 140, 141, 142, 146, 147, 148, 152, 153, 154, 158, 159, 160, 164, 165, 166, 170, 171, 172, 176, 177, 178, 182, 183, 184}]
187;5;[{17}, {136, 153, 51}, {0, 34, 68, 102, 170, 85, 119}, {1, 2, 3, 4, 5, 6, 7, 8, 9, 10, 11, 12, 13, 14, 15, 16, 18, 19, 20, 21, 22, 23, 24, 25, 26, 27, 28, 29, 30, 31, 32, 33, 35, 36, 37, 38, 39, 40, 41, 42, 43, 44, 45, 46, 47, 48, 49, 50, 52, 53, 54, 55, 56, 57, 58, 59, 60, 61, 62, 63, 64, 65, 66, 67, 69, 70, 71, 72, 73, 74, 75, 76, 77, 78, 79, 80, 81, 82, 83, 84, 86, 87, 88, 89, 90, 91, 92, 93, 94, 95, 96, 97, 98, 99, 100, 101, 103, 104, 105, 106, 107, 108, 109, 110, 111, 112, 113, 114, 115, 116, 117, 118, 120, 121, 122, 123, 124, 125, 126, 127, 128, 129, 130, 131, 132, 133, 134, 135, 137, 138, 139, 140, 141, 142, 143, 144, 145, 146, 147, 148, 149, 150, 151, 152, 154, 155, 156, 157, 158, 159, 160, 161, 162, 163, 164, 165, 166, 167, 168, 169, 171, 172, 173, 174, 175, 176, 177, 178, 179, 180, 181, 182, 183, 184, 185, 186}]
188;6;[{0}, {94}, {128, 130, 132, 6, 10, 138, 12, 144, 20, 150, 24, 152, 154, 28, 156, 32, 160, 34, 36, 164, 38, 168, 44, 176, 50, 178, 182, 56, 58, 60, 62, 66, 70, 74, 82, 84, 88, 100, 104, 106, 114, 118, 122, 126}, {2, 4, 134, 8, 136, 140, 14, 142, 16, 18, 146, 148, 22, 26, 30, 158, 162, 166, 40, 42, 170, 172, 46, 174, 48, 52, 180, 54, 184, 186, 64, 68, 72, 76, 78, 80, 86, 90, 92, 96, 98, 102, 108, 110, 112, 116, 120, 124}, {1, 3, 5, 7, 9, 11, 13, 15, 17, 19, 21, 23, 25, 27, 29, 31, 33, 35, 37, 39, 41, 43, 45, 47, 49, 51, 53, 55, 57, 59, 61, 63, 65, 67, 69, 71, 73, 75, 77, 79, 81, 83, 85, 87, 89, 91, 93, 95, 97, 99, 101, 103, 105, 107, 109, 111, 113, 115, 117, 119, 121, 123, 125, 127, 129, 131, 133, 135, 137, 139, 141, 143, 145, 147, 149, 151, 153, 155, 157, 159, 161, 163, 165, 167, 169, 171, 173, 175, 177, 179, 181, 183, 185, 187}]
189;8;[{126}, {0, 63}, {105, 84}, {168, 42, 147, 21}, {161, 98, 35, 133, 70, 7, 140, 77, 14, 175, 112, 49, 182, 119, 56, 154, 91, 28}, {1, 132, 134, 6, 8, 139, 13, 141, 15, 146, 20, 148, 22, 153, 27, 155, 29, 160, 34, 162, 36, 167, 41, 169, 43, 174, 48, 176, 50, 181, 55, 183, 57, 188, 62, 64, 69, 71, 76, 78, 83, 85, 90, 92, 97, 99, 104, 106, 111, 113, 118, 120, 125, 127}, {2, 3, 4, 5, 9, 10, 11, 12, 16, 17, 18, 19, 23, 24, 25, 26, 30, 31, 32, 33, 37, 38, 39, 40, 44, 45, 46, 47, 51, 52, 53, 54, 58, 59, 60, 61, 65, 66, 67, 68, 72, 73, 74, 75, 79, 80, 81, 82, 86, 87, 88, 89, 93, 94, 95, 96, 100, 101, 102, 103, 107, 108, 109, 110, 114, 115, 116, 117, 121, 122, 123, 124, 128, 129, 130, 131, 135, 136, 137, 138, 142, 143, 144, 145, 149, 150, 151, 152, 156, 157, 158, 159, 163, 164, 165, 166, 170, 171, 172, 173, 177, 178, 179, 180, 184, 185, 186, 187}]
190;6;[{0}, {160, 50, 140, 30}, {130, 100, 70, 40, 10, 170, 110, 80, 20, 180, 150, 120, 90, 60}, {128, 2, 132, 4, 6, 134, 8, 136, 138, 12, 14, 142, 16, 144, 18, 146, 148, 22, 24, 152, 26, 154, 28, 156, 158, 32, 34, 162, 36, 164, 38, 166, 168, 42, 44, 172, 46, 174, 48, 176, 178, 52, 54, 182, 56, 184, 58, 186, 188, 62, 64, 66, 68, 72, 74, 76, 78, 82, 84, 86, 88, 92, 94, 96, 98, 102, 104, 106, 108, 112, 114, 116, 118, 122, 124, 126}, {1, 3, 5, 7, 9, 11, 13, 15, 17, 19, 21, 23, 25, 27, 29, 31, 33, 35, 37, 39, 41, 43, 45, 47, 49, 51, 53, 55, 57, 59, 61, 63, 65, 67, 69, 71, 73, 75, 77, 79, 81, 83, 85, 87, 89, 91, 93, 95, 97, 99, 101, 103, 105, 107, 109, 111, 113, 115, 117, 119, 121, 123, 125, 127, 129, 131, 133, 135, 137, 139, 141, 143, 145, 147, 149, 151, 153, 155, 157, 159, 161, 163, 165, 167, 169, 171, 173, 175, 177, 179, 181, 183, 185, 187, 189}]
191;4;[{0}, {5, 6, 136, 11, 139, 14, 150, 153, 154, 155, 25, 30, 31, 32, 160, 161, 159, 36, 37, 38, 166, 41, 177, 52, 180, 55, 185, 186, 66, 69, 70, 84, 107, 121, 122, 125}, {1, 2, 3, 4, 7, 8, 9, 10, 12, 13, 15, 16, 17, 18, 19, 20, 21, 22, 23, 24, 26, 27, 28, 29, 33, 34, 35, 39, 40, 42, 43, 44, 45, 46, 47, 48, 49, 50, 51, 53, 54, 56, 57, 58, 59, 60, 61, 62, 63, 64, 65, 67, 68, 71, 72, 73, 74, 75, 76, 77, 78, 79, 80, 81, 82, 83, 85, 86, 87, 88, 89, 90, 91, 92, 93, 94, 95, 96, 97, 98, 99, 100, 101, 102, 103, 104, 105, 106, 108, 109, 110, 111, 112, 113, 114, 115, 116, 117, 118, 119, 120, 123, 124, 126, 127, 128, 129, 130, 131, 132, 133, 134, 135, 137, 138, 140, 141, 142, 143, 144, 145, 146, 147, 148, 149, 151, 152, 156, 157, 158, 162, 163, 164, 165, 167, 168, 169, 170, 171, 172, 173, 174, 175, 176, 178, 179, 181, 182, 183, 184, 187, 188, 189, 190}]
192;7;[{0, 96, 132, 36, 48, 144, 84, 180}, {102, 6, 186, 42, 138, 54, 150, 90}, {72, 168, 108, 12, 156, 120, 24, 60}, {162, 66, 78, 174, 18, 114, 126, 30}, {1, 131, 5, 133, 7, 137, 11, 139, 13, 143, 17, 145, 19, 149, 23, 151, 25, 155, 29, 157, 31, 161, 35, 163, 37, 167, 41, 169, 43, 173, 47, 175, 49, 179, 53, 181, 55, 185, 59, 187, 61, 191, 65, 67, 71, 73, 77, 79, 83, 85, 89, 91, 95, 97, 101, 103, 107, 109, 113, 115, 119, 121, 125, 127}, {2, 3, 4, 8, 9, 10, 14, 15, 16, 20, 21, 22, 26, 27, 28, 32, 33, 34, 38, 39, 40, 44, 45, 46, 50, 51, 52, 56, 57, 58, 62, 63, 64, 68, 69, 70, 74, 75, 76, 80, 81, 82, 86, 87, 88, 92, 93, 94, 98, 99, 100, 104, 105, 106, 110, 111, 112, 116, 117, 118, 122, 123, 124, 128, 129, 130, 134, 135, 136, 140, 141, 142, 146, 147, 148, 152, 153, 154, 158, 159, 160, 164, 165, 166, 170, 171, 172, 176, 177, 178, 182, 183, 184, 188, 189, 190}]
193;4;[{0}, {1, 129, 3, 133, 8, 9, 11, 13, 14, 143, 20, 150, 23, 24, 151, 154, 27, 29, 158, 160, 33, 35, 164, 166, 39, 169, 42, 43, 170, 173, 50, 179, 180, 182, 184, 185, 60, 190, 64, 192, 67, 68, 69, 71, 72, 74, 76, 81, 87, 88, 89, 94, 99, 104, 105, 106, 112, 117, 119, 121, 122, 124, 125, 126}, {2, 4, 5, 6, 7, 10, 12, 15, 16, 17, 18, 19, 21, 22, 25, 26, 28, 30, 31, 32, 34, 36, 37, 38, 40, 41, 44, 45, 46, 47, 48, 49, 51, 52, 53, 54, 55, 56, 57, 58, 59, 61, 62, 63, 65, 66, 70, 73, 75, 77, 78, 79, 80, 82, 83, 84, 85, 86, 90, 91, 92, 93, 95, 96, 97, 98, 100, 101, 102, 103, 107, 108, 109, 110, 111, 113, 114, 115, 116, 118, 120, 123, 127, 128, 130, 131, 132, 134, 135, 136, 137, 138, 139, 140, 141, 142, 144, 145, 146, 147, 148, 149, 152, 153, 155, 156, 157, 159, 161, 162, 163, 165, 167, 168, 171, 172, 174, 175, 176, 177, 178, 181, 183, 186, 187, 188, 189, 191}]
194;5;[{0}, {97}, {1, 130, 131, 8, 139, 12, 142, 143, 144, 18, 19, 20, 147, 22, 148, 149, 152, 27, 28, 30, 160, 33, 34, 161, 164, 166, 167, 42, 172, 45, 46, 47, 174, 175, 50, 51, 52, 176, 182, 55, 186, 63, 64, 193, 67, 69, 70, 75, 77, 78, 79, 85, 89, 96, 98, 105, 109, 115, 116, 117, 119, 124, 125, 127}, {2, 3, 4, 5, 6, 7, 9, 10, 11, 13, 14, 15, 16, 17, 21, 23, 24, 25, 26, 29, 31, 32, 35, 36, 37, 38, 39, 40, 41, 43, 44, 48, 49, 53, 54, 56, 57, 58, 59, 60, 61, 62, 65, 66, 68, 71, 72, 73, 74, 76, 80, 81, 82, 83, 84, 86, 87, 88, 90, 91, 92, 93, 94, 95, 99, 100, 101, 102, 103, 104, 106, 107, 108, 110, 111, 112, 113, 114, 118, 120, 121, 122, 123, 126, 128, 129, 132, 133, 134, 135, 136, 137, 138, 140, 141, 145, 146, 150, 151, 153, 154, 155, 156, 157, 158, 159, 162, 163, 165, 168, 169, 170, 171, 173, 177, 178, 179, 180, 181, 183, 184, 185, 187, 188, 189, 190, 191, 192}]
195;6;[{130}, {0, 65}, {39, 104, 169, 13, 78, 143, 52, 117, 182, 26, 91, 156}, {1, 129, 131, 5, 135, 8, 138, 12, 14, 142, 144, 18, 148, 21, 151, 25, 27, 155, 157, 31, 161, 34, 164, 38, 40, 168, 170, 44, 174, 47, 177, 51, 53, 181, 183, 57, 187, 60, 190, 64, 66, 194, 70, 73, 77, 79, 83, 86, 90, 92, 96, 99, 103, 105, 109, 112, 116, 118, 122, 125}, {2, 3, 4, 6, 7, 9, 10, 11, 15, 16, 17, 19, 20, 22, 23, 24, 28, 29, 30, 32, 33, 35, 36, 37, 41, 42, 43, 45, 46, 48, 49, 50, 54, 55, 56, 58, 59, 61, 62, 63, 67, 68, 69, 71, 72, 74, 75, 76, 80, 81, 82, 84, 85, 87, 88, 89, 93, 94, 95, 97, 98, 100, 101, 102, 106, 107, 108, 110, 111, 113, 114, 115, 119, 120, 121, 123, 124, 126, 127, 128, 132, 133, 134, 136, 137, 139, 140, 141, 145, 146, 147, 149, 150, 152, 153, 154, 158, 159, 160, 162, 163, 165, 166, 167, 171, 172, 173, 175, 176, 178, 179, 180, 184, 185, 186, 188, 189, 191, 192, 193}]
